ABANO TERME|830005700
ABBADIA LARIANA|830001416
ABBASANTA|830012873
ABBIATEGRASSO|830001062
ACATE|830012409
ACCIANO|830007423
ACERRA|830009215
ACIREALE|830012328
ACQUA ACETOSA|830008715
ACQUAFREDDA|830011722
ACQUAMELA|830009533
ACQUANEGRA CREMONESE|830001913
ACQUAPPESA|830011736
ACQUAVIVA|830012209
ACQUAVIVA DELLE FONTI|830011504
ACQUEDOLCI-S.FRATELLO|830012026
ACQUI TERME|830000867
ACRI BISIGNANO LUZZI|830011907
ADRIA|830005420
AFRICO NUOVO|830011872
AGLIANO CASTELNUOVO CALCEA|830000804
AGNONE DI SIRACUSA|830012342
AGRIGENTO BASSA|830012213
AGRIGENTO CENTRALE|830012216
AGROPOLI CASTELLABATE|830011705
AIELLI|830008529
AIRASCA|830000514
AIROLE|830004481
AIRUNO|830001515
ALA|830002049
ALANNO|830007708
ALANO FENER VALDOBBIADENE|830002566
ALASSIO|830004515
ALBA|830000825
ALBA ADRIATICA-NERETO-CONTROGUERRA|830007800
ALBACINA|830007207
ALBANO DI LUCANIA|830011453
ALBANO LAZIALE|830008704
ALBANO S.ALESSANDRO|830001534
ALBANOVA|830009004
ALBAREDO|830002538
ALBATE CAMERLATA|830001310
ALBATE-TRECALLO|830001450
ALBENGA|830004516
ALBERESE|830008001
ALBES|830002015
ALBINIA|830008003
ALBISOLA|830004529
ALBIZZATE SOLBIATE ARNO|830001209
ALBONESE|830000033
ALBUZZANO|830001863
ALCAMO|830012116
ALCAMO DIRAMAZIONE|830012150
ALCANTARA|830012320
ALESSANDRIA|830000470
ALESSANDRIA CAVALCAVIA|830000081
ALESSANDRIA SM.|830000472
ALFEDENA-SCONTRONE|830008908
ALFONSINE|830005808
ALI' TERME|830012310
ALICE BELCOLLE|830000809
ALLERONA-CASTEL VISCARDO|830008202
ALPIGNANO|830000216
ALTAMURA|830011307
ALTARE|830004810
ALTAVILLA IRPINA|830009511
ALTAVILLA MILICIA|830012011
ALTAVILLA TAVERNELLE|830002444
ALTOPASCIO|830006407
ALVIANO|830008206
AMANTEA|830011744
AMBIVERE MAPELLO|830001527
AMENDOLA|830011051
AMENDOLARA ORIOLO|830011807
AMOROSI MELIZZANO|830009306
ANAGNI-FIUGGI|830008658
ANCONA|830007113
ANCONA (TUTTE STAZ)|830007120
ANCONA MARITTIMA|830007116
ANCONA P. CAVOUR|830013831
ANCONA P.KENNEDY|830013832
ANCONA TORRETTE|830007015
ANCONETTA|830002141
ANDORA|830004513
ANGRI|830009812
ANGUILLARA|830008318
ANNONE VENETO|830002769
ANTIGNANO|830006727
ANTRODOCO BORGO VELINO|830007408
ANTRODOCO CENTRO|830007435
ANVERSA-VILLALAGO-SCANNO|830008537
ANZANO DEL PARCO|830001453
ANZIO|830008709
ANZIO COLONIA|830008708
ANZOLA EMILIA|830005040
AOSTA|830000137
AOSTA ISTITUTO|830000143
AOSTA VIALE EUROPA|830000146
APICE S.ARCANGELO BONITO|830009314
APPIANO|830008334
APRICENA|830011024
APRILIA|830008705
AQUILONIA|830009623
ARAGONA CALDARE|830012370
ARBIA|830006811
ARCE|830008861
ARCHI|830007992
ARCISATE|830001203
ARCOLA|830006006
ARCORE|830001510
ARDARA|830012817
ARDENNO MASINO|830001427
ARDORE|830011853
ARENA PO|830001947
ARENZANO|830004533
AREZZO|830006915
ARGENTA|830005804
ARIANO IRPINO|830009316
ARONA|830001020
ARPINO|830008859
ARQUA'|830005707
ARQUATA SCRIVIA|830004207
ARSOLI|830008516
ARTEGNA|830003021
ARVIER|830000134
ASCEA|830011711
ASCIANO|830006813
ASCIANO MONTE OLIVETO MAGGIORE|830006825
ASCOLI PICENO|830007550
ASCOLI SATRIANO|830011203
ASOLA|830001847
ASSEMINI|830012889
ASSISI|830007008
ASTI|830000462
ATELETA|830007998
ATENA|830009904
ATTIGLIANO|830008207
ATTRAVERSAMENTO UDIN|830002573
AUGUSTA|830012345
AULETTA|830009902
AULLA|830006168
AULLA LUNIGIANA|830006013
AURISINA|830003550
AVELLINO|830009514
AVERSA|830009006
AVEZZANO|830008526
AVIANO|830003087
AVIGLIANA|830000214
AVIGLIANO LUCANIA|830011214
AVIO|830002050
AVISE|830000133
AVOLA|830012426
ALBAIRATE|830001059
ALBERGO|830006067
ALIFE|830052007
ALVIGNANO|830052008
ANCONA STADIO|830007114
ANDORA (NEW)|839999999
ANFITEATRO|830052006
ANNÃ|830011870
ARANCETO|830081101
ARCENE|830001608
AREZZO CC1|830006086
AREZZO PESCAIOLA|830034002
AROSIO|830025034
ARPAIA-AIROLA|830039004
ASSEMINI CARMINE|830012809
ASSEMINI S. LUCIA|830012808
ASSO|830025046
AULETTA (CENTRO)|830060002
BADESSE|830006826
BADIA POLESINE|830002370
BADOLATO|830011841
BAGHERIA|830012008
BAGNACAVALLO|830005902
BAGNARA|830011770
BAGNARIA ARSA|830003123
BAGNASCO|830000921
BAGNI DI LUCCA|830006308
BAGNI DI TIVOLI|830008504
BAGNOLI AGNANO TERME|830009102
BAGNOLI IRPINO|830009613
BAGNOLO MELLA|830001901
BAIANO DI SPOLETO|830007224
BALDICHIERI|830000460
BALESTRATE|830012122
BALSORANO|830008856
BALVANO R.|830009830
BALZOLA|830000178
BANDITO|830000732
BARAGIANO|830009832
BARANELLO|830009458
BARBERINO VAL D'ELSA|830006804
BARBIANELLO|830001932
BARBIANO|830005905
BARBUSI|830012971
BARCELLONA|830012041
BARDONECCHIA|830000202
BARDONECCHIA CONFINE|830000201
BARGA GALLICANO|830006303
BARI CENTRALE|830011119
BARI LAMASINATA|830090143
BARI PALESE MACCHIE|830011118
BARI PARCO NORD|830011148
BARI PARCO NORD FASC|830090194
BARI PARCO SUD|830011125
BARI POLICLINICO|830011517
BARI S.ANDREA|830011513
BARI S.GIORGIO|830011150
BARI S.SPIRITO|830011116
BARI TORRE A MARE|830011126
BARI ZONA INDUSTRIALE|830011156
BARICETTA|830005419
BARILE|830011208
BARLETTA|830011108
BARONISSI|830009520
BASCHI-MONTECCHIO|830008204
BASILIANO|830002832
BASSANO DEL GRAPPA|830002520
BASSANO IN TEVERINA|830008208
BASSANO ROMANO|830008312
BASTIA|830007007
BASTIA MONDOVI'|830000908
BATTAGLIA TERME|830005702
BATTIPAGLIA|830009823
BAULADU MILIS|830012875
BAVENO|830001015
BAZZANA|830000807
BEAULARD|830000203
BEFFI|830007422
BEINETTE|830000901
BELGIOIOSO|830001864
BELGIRATE|830001017
BELLA MURO|830009831
BELLANO TARTAVALLE TERME|830001409
BELLANTE RIPATTONE|830007902
BELLARIA|830005817
BELLAVISTA|830011512
BELLINZAGO|830000985
BELLISIO SOLFARE|830007061
BELLUNO|830002559
BELMONTE CALABRO|830011743
BELVEDERE MARITTIMO|830011732
BENEVENTO|830009311
BENEVENTO ACQUAFREDDA|830009527
BENEVENTO APPIA|830039006
BENEVENTO ARCO TRAIANO|830009524
BENEVENTO PORTA RUFINA|830009509
BERCETO|830006158
BERCHIDDA|830012859
BERGAMASCO|830000838
BERGAMO|830001529
BERNALDA|830011460
BESANA|830001488
BESNATE|830001145
BESOZZO|830001141
BEURA CARDEZZA|830001007
BEVERA|830004482
BEVILACQUA|830002391
BIAGIONI LAGACCI|830005119
BIANCO|830011855
BIANZE'|830000238
BIANZONE|830001438
BIASSONO-LESMO PARCO|830001483
BIBIANA|830000522
BICOCCA|830012338
BIELLA CHIAVAZZA|830000970
BIELLA S.PAOLO|830000070
BIFORCO|830006621
BISCEGLIE|830011113
BISTAGNO|830000870
BISUSCHIO VIGGIU|830001202
BITETTO PALO DEL COLLE|830011501
BIVIO AGUCCHI|830005079
BIVIO ARCOVEGGIO|830005073
BIVIO BATTIFERRO|830005078
BIVIO BERGAMO|830001045
BIVIO BERTALIA|830005063
BIVIO BOLOGNA NORD|830005320
BIVIO CABINA A|830004121
BIVIO CABINA B|830004201
BIVIO CALDERARA|830005062
BIVIO CARGNACCO|830003036
BIVIO CARPENEDO|830002543
BIVIO CASSINO|830009116
BIVIO CASSINO SUD|830009950
BIVIO CASTELLUCCIO|830070004
BIVIO CASTELROSSO|830000027
BIVIO CIVIDALE|830003037
BIVIO CROCETTA|830000026
BIVIO CROCIALI|830005077
BIVIO D'AURISINA|830003313
BIVIO D'AURISINA SC. ESTR. GALLERIA|830003040
BIVIO D'AURISINA SC. ESTR. VIADOTTO|830003041
BIVIO DORIA|830004119
BIVIO GHISOLFA|830001055
BIVIO GRICIGNANO|830009990
BIVIO MADDALONI|830009214
BIVIO MADONNA DELL'OLMO|830000029
BIVIO MARITTIMA|830009121
BIVIO MAROCCO|830002551
BIVIO MELLA|830001046
BIVIO MIRABELLO|830001047
BIVIO MORTELLINI|830006056
BIVIO MUSOCCO|830001048
BIVIO NOLA|830009119
BIVIO NOVARA OVEST|830000764
BIVIO OVEST 407|830009992
BIVIO OVEST 410|830070013
BIVIO OVEST PB409-412|830009991
BIVIO PANTANI|830077772
BIVIO POGGIOREALE|830009115
BIVIO POLCEVERA|830004117
BIVIO PORTONACCIO|830008131
BIVIO PRONDA|830000025
BIVIO RIVAROLO|830004113
BIVIO ROSALES|830001052
BIVIO S.ANTONELLO|830011756
BIVIO S.DONATO|830005074
BIVIO S.LUCIA|830090153
BIVIO S.LUCIA (NA)|830090152
BIVIO S.POLO|830003039
BIVIO S.VITALE|830005076
BIVIO SANGONE|830000028
BIVIO SESIA|830000005
BIVIO SETTIMO|830011755
BIVIO STURA|830000760
BIVIO SUCCURSALE|830004116
BIVIO TAVERNELLE|830005061
BIVIO TERME VIGLIATORE|830012043
BIVIO TIBURTINA|830008130
BIVIO TOCE|830001053
BIVIO TREBBO (DIR.LAV./CC.)|830005064
BIVIO TURRO|830001051
BIVIO VALLE|830001054
BIVIO/PC ARCOLA|830013544
BIVIO/PC BERSAGLIO|830004122
BIVIO/PC FEGINO|830004115
BIVIO/PC FENILONE|830002008
BIVIO/PC LAMBRO|830001719
BIVIO/PC NUOVO SALARIO|830008127
BIVIO/PC RENAI|830070012
BIVIO/PC S.MASSIMO|830002010
BIVIO/PC S.VIOLA|830005060
BIVIO/PC SAMMINIATELLO|830006517
BIVIO/PC SCAVALCAMENTO|830004112
BIVIO/PC SGURGOLA|830008645
BN RION. LIBERTÃ|830009012
BOCCIA AL MAURO|830009760
BOGLIASCO|830004709
BOIANO|830009453
BOLGHERI|830006028
BOLOGNA BORGO PANIGALE|830005100
BOLOGNA C.LE|830005043
BOLOGNA CABINA S.DONATO|830090316
BOLOGNA CORTICELLA|830005725
BOLOGNA FASCIO RAVONE|830090670
BOLOGNA FIERE|830060095
BOLOGNA INTERPORTO|830077771
BOLOGNA RAVONE|830005042
BOLOGNA S.RUFFILLO|830005130
BOLZANO|830002026
BOLZANO NOVARESE|830000014
BOLZANO SUD|830002226
BOMBA TORRICELLA|830007993
BONASSOLA|830004730
BONEFRO S.CROCE|830009464
BONFERRARO|830002383
BONORVA|830012867
BORDIGHERA|830004503
BORGHETTO|830002051
BORGHETTO PARMENSE|830006100
BORGHETTO S.SPIRITO|830004518
BORGIO VEREZZI|830004521
BORGO|830009526
BORGO A BUGGIANO|830006410
BORGO A MOZZANO|830006309
BORGO FORNARI PER VOLTAGGIO|830004214
BORGO LAVEZZARO|830000032
BORGO REVEL|830000171
BORGO S.DALMAZZO|830000613
BORGO S.LORENZO|830006604
BORGO S.LORENZO RIMORELLI|830006705
BORGO S.MARTINO|830000315
BORGO TICINO|830000981
BORGO VAL DI TARO|830006161
BORGO VALSUGANA CENTRO|830002313
BORGO VALSUGANA EST|830002314
BORGO VERCELLI|830000246
BORGOFORTE|830002338
BORGOFRANCO|830000152
BORGOLOMBARDO|830001830
BORGOMANERO|830000016
BORGONE|830000210
BORGONUOVO|830005124
BORGORATTO|830000860
BORGOSESIA|830000104
BORORE|830012872
BOSCHI S.ANNA|830002390
BOSCO REDOLE|830009473
BOSCOREALE|830009754
BOTRICELLO|830011829
BOVA MARINA|830011860
BOVALINO|830011854
BOVINO DELICETO|830009321
BOVOLONE|830002363
BOZZOLO|830001920
BRA|830000821
BRACCIANO|830008315
BRAGNO|830004803
BRANCALEONE|830011857
BRANDIZZO|830000231
BREIL SUR ROYA|830075683
BRENNA-ALZATE|830001452
BRENNERO|830002001
BRESCIA|830001717
BRESCIA SCALO|830090162
BRESSANA ARGINE|830001930
BRESSANA BOTTARONE|830001805
BRESSANONE|830002014
BRIATICO|830011757
BRICHERASIO|830000521
BRINDISI|830011136
BRINDISI DI MONTAGNA|830011451
BRINDISI MARITTIMA|830011137
BRIONA|830000113
BRISIGHELLA|830006614
BROLO FICARRA|830012031
BRONI|830001944
BRONZOLO|830002030
BROZOLO|830000424
BRUCA|830012153
BRUCOLI|830012344
BRUNICO|830002107
BRUNO|830000837
BRUZOLO|830000209
BS EST PIAZ. SUD|839999992
BUCCINO S.GREGORIO MAGNO|830009828
BUCINE|830006911
BUDOIA POLCENIGO|830003088
BUGNARA|830008538
BUONCONVENTO|830006874
BUONFORNELLO|830012016
BURONZO|830000054
BUSALLA|830004215
BUSCA|830000704
BUSCHE LENTIAI MEL|830002563
BUSSETO|830001963
BUSSI|830007704
BUSSOLENO|830000208
BUSTO ARSIZIO|830001031
BUTERA|830012406
BUTTAFAVA|830001482
BUTTAPIETRA|830005301
BUTTRIO|830003029
BACIANO|830006081
BACOLI CUMA|830082413
BAGNI DI LUSNIZZA|830003008
BALANGERO|830000094
BARI (TUTTE LE STAZ)|830011699
BARI TORRE QUETTA|830011004
BELFIORE|830090441
BENEVENTO (TUTTE ST)|830009999
BESANO|830013702
BIBBIENA|830034105
BIBBIENA CORSALONE|830006077
BIVIO CERIGNOLA-S. L|830090376
BIVIO EMILIA|830005272
BIVIO RIVANA|830005713
BIVIO SARNO|830009712
BIVIO SETTIMOTSE|830000225
BIVIO SIPONTO|830090377
BIVIO VENEZIA|830005048
BIVIO ZUPPINO|830060065
BIVIO/PC CASORIA|830009710
BIVIO/PC MET.NTO|830011026
BOLLATE CENTRO|830025112
BOLLATE NORD|830025113
BOLOGNA (TUTTE STZ)|830005999
BOLOGNA C.LE/AV|839999998
BOLOGNA FICO|830099999
BOLOGNA FIERE BIS|830005020
BOLOGNA MAZZINI|830005140
BOLOGNA S. VITALE|830005081
BOLZANO CASANOVA|830002059
BONDENO|830032308
BORGARO TORINESE STAZ.|830000086
BORGOCHIESANUOVA|830002021
BOSCONERO|830000882
BOTTENICCO Z.I.|830027409
BOVISIO MASCIAGO - MOMBELLO|830025016
BRUNICO NORD|830002060
BUDRIO PRETURA|830082002
BUSA DI VIGONZA|830002595
BUSTO ARSIZIO NORD|830025631
CA' DI BOSCHETTI|830006044
CABINA A ZONA INDUSTRIALE|830002012
CABINA B VENEZIA MES|830002547
CABINA C ROMA SM.|830008128
CABINA LAMASINATA|830011043
CADEO|830005006
CAGLIARI|830012891
CAGLIARI ELMAS|830012890
CAGLIARI S.GILLA|830012810
CAIRO MONTENOTTE|830000879
CALA SABINA|830012851
CALALZO PIEVE CADORE CORTINA|830002550
CALAMANDRANA|830000833
CALATABIANO|830012321
CALATAFIMI|830012151
CALCERANICA|830002307
CALCIANO|830011455
CALCIO|830001712
CALDE'|830001117
CALDERARA-BARGE.|830005010
CALDIERO|830002437
CALDONAZZO|830002308
CALENZANO|830006417
CALITRI PESCOPAGANO|830009620
CALLIANO|830002041
CALOLZIOCORTE OLGINATE|830001524
CALOPEZZATI|830011815
CALTAGIRONE|830012270
CALTANISSETTA CENTRALE|830012381
CALTANISSETTA XIRBI|830012380
CALTIGNAGA|830000020
CALUSCO|830001503
CALUSO|830000158
CALVISANO|830001843
CAMAIORE LIDO CAPEZZANO|830006043
CAMBIANO|830006827
CAMBIANO SANTENA|830000456
CAMERANO ASPIO|830007021
CAMMARATA S.GIOVANNI GEMINI|830012207
CAMNAGO-LENTATE|830001316
CAMOGLI S.FRUTTUOSO|830004716
CAMPAGNA SERRE PERSANO|830009825
CAMPEDA|830012868
CAMPELLO|830007219
CAMPIGLIA MARITTIMA|830006031
CAMPO DI CARNE|830008706
CAMPO DI GIOVE|830008903
CAMPO DI GIOVE-MONTE MAIELLA|830008919
CAMPO DI NUSCO|830009626
CAMPO DI TRENS|830002007
CAMPOBASSO|830009459
CAMPOBELLO DI MAZARA|830012112
CAMPOBELLO RAVANUSA|830012385
CAMPODARSEGO|830002527
CAMPOFELICE|830012017
CAMPOFRANCO|830012211
CAMPOLATTARO|830009505
CAMPOLEONE|830008602
CAMPOLIETO MONACILIONE|830009462
CAMPOLIGURE MASONE|830004105
CAMPOMAGGIORE|830011454
CAMPOMARINO|830011020
CAMPOMELA|830012815
CAMPOMIGLIAIO|830006659
CAMPORA S.GIOVANNI SERRA AIELLO|830011745
CAMPORGIANO|830006324
CAMPOSAMPIERO|830002525
CAMPOSANTO|830005314
CAMUCIA CORTONA|830006921
CANCELLI DI FABRIANO|830007232
CANCELLIERA|830008735
CANCELLO|830009213
CANCELLO ARNONE|830009002
CANDELA|830011204
CANDELO|830000071
CANDIA CANAVESE|830000157
CANDIA LOMELLINA|830000333
CANDIDA|830011105
CANDIOLO|830000512
CANDOGLIA ORNAVASSO|830001011
CANEGRATE|830001034
CANELLI|830000832
CANETRA|830007429
CANICATTI'|830012375
CANIGA|830012812
CANISTRO|830008851
CANNARA|830007009
CANNE DELLA BATTAGLIA|830011406
CANNETO SULL'OGLIO|830001848
CANNIZZARO|830012330
CANOSA DI PUGLIA|830011402
CANTALUPO|830000841
CANTALUPO DEL SANNIO|830009451
CANTU'|830001451
CANTU'-CERMENATE|830001313
CAORSO|830001970
CAPACCIO ROCCADASPIDE|830011702
CAPACI|830012145
CAPALBIO|830008006
CAPANNELLE|830008672
CAPISTRELLO|830008850
CAPO BONIFATI|830011734
CAPO D'ORLANDO-NASO|830012030
CAPO SPARTIVENTO|830011858
CAPOCROCE|830008811
CAPODACQUA PIEVE FANONICA|830007215
CAPPELLE-MAGLIANO|830008525
CAPRALBA|830001603
CAPRANICA|830008311
CAPRAROLA|830008110
CAPRIATI AL VOLTURNO|830009061
CAPRIOLO|830001622
CAPRIVA|830003301
CAPUA|830009208
CARATE-CALO'|830001486
CARAVAGGIO|830001602
CARBONA|830005120
CARBONARA SCRIVIA|830004300
CARBONIA STATO|830012972
CARDILLO ZEN|830012139
CARENTINO|830000839
CARIATI|830011818
CARIMATE|830001315
CARINI|830012127
CARINI TORRE CIACHEA|830012799
CARISIO|830000055
CARMAGNOLA|830000601
CARMIGNANO DI BRENTA|830002532
CARNATE USMATE|830001511
CARNIA|830003016
CARONIA|830012025
CAROVIGNO|830011133
CAROVILLI-ROCCASICURA|830008914
CARPANE' VALSTAGNA|830002502
CARPI|830002349
CARPIGNANO SESIA|830000971
CARPINONE|830009050
CARRARA AVENZA|830006005
CARRITO-ORTONA|830008533
CARRU' CLAVESANA|830000738
CARRUBA|830012326
CARSOLI|830008519
CASABIANCA|830008730
CASACALENDA GUARDIALFIERA|830009465
CASAL SABINI|830011309
CASALBORDINO POLLUTRI|830007821
CASALBUONO|830009910
CASALBUTTANO|830001609
CASALE MONFERRATO|830000314
CASALE POPOLO|830000179
CASALECCHIO DI RENO|830005101
CASALECCHIO GARIBALDI|830005099
CASALEGGIO|830000972
CASALETTO|830009913
CASALETTO VAPRIO|830001604
CASALMAGGIORE|830001850
CASALNUOVO|830009216
CASALPUSTERLENGO|830001827
CASARSA|830002830
CASCINA|830006505
CASELLE TORINESE AEROPORT|830077002
CASERTA|830009211
CASINO DI TERRA|830006751
CASLETTO-ROGENO|830001457
CASLINO D'ERBA|830025043
CASOLI|830007991
CASORATE SEMPIONE|830001029
CASORIA|830009009
CASSAGO-NIBIONNO-BULCIAGO|830001490
CASSANO ALL'IONIO|830011900
CASSANO D'ADDA|830001707
CASSANO IRPINO|830009611
CASSANO SPINOLA|830004302
CASSIBILE|830012427
CASSINE|830000864
CASSINO|830008671
CASSOLA|830002506
CASTAGNARO|830002368
CASTAGNETO CARDUCCI|830006029
CASTAGNO|830005122
CASTAGNOLE DELLE LANZE|830000828
CASTEGGIO|830001942
CASTEL BAGNOLO DI ORTE|830008114
CASTEL D'ARIO|830002382
CASTEL DI SANGRO|830008910
CASTEL FRENTANO|830007987
CASTEL GANDOLFO|830008703
CASTEL LAGOPESOLE|830011212
CASTEL MADAMA|830008510
CASTEL MAGGIORE|830005724
CASTEL S.ANGELO|830007407
CASTEL S.GIORGIO ROCCAPIEMONTE|830009704
CASTEL S.GIOVANNI|830001948
CASTEL S.PIETRO TERME|830005053
CASTELBELLO|830002208
CASTELBOLOGNESE|830005056
CASTELBUONO|830012020
CASTELDACCIA|830012010
CASTELDARNE|830002105
CASTELDEBOLE|830005102
CASTELFERRETTI|830007200
CASTELFIORENTINO|830006802
CASTELFRANCI|830009609
CASTELFRANCO EMILIA|830005037
CASTELFRANCO IN MISCANO|830009323
CASTELFRANCO VENETO|830002537
CASTELGUELFO|830005012
CASTELL'ALFERO|830000343
CASTELLALTO CANZANO|830007901
CASTELLAMMARE DEL GOLFO|830012120
CASTELLAMMARE DI STABIA|830009756
CASTELLANETA|830011511
CASTELLANETA MARINA|830011463
CASTELLAVAZZO|830002555
CASTELLAZZO CASALCERMELLI|830004000
CASTELLEONE|830001606
CASTELLETTO BUSCA|830000720
CASTELLETTO TICINO|830001123
CASTELLINA IN CHIANTI-MONTERIGGIONI|830006808
CASTELLINA MARITTIMA|830006024
CASTELLINO TANARO|830000741
CASTELLO D'ANNONE|830000465
CASTELLO DI GODEGO|830002507
CASTELLUCCHIO|830001923
CASTELLUCCIO|830009915
CASTELLUCCIO SICULO|830012354
CASTELNUOVO|830002093
CASTELNUOVO BELBO|830000836
CASTELNUOVO BERARDENGA|830006812
CASTELNUOVO DI GARFAGNANA|830006300
CASTELPLANIO CUPRAMONTANA|830007204
CASTELRAIMONDO CAMERINO|830007302
CASTELROSSO|830000233
CASTELSPINA PORTANOV|830004001
CASTELVECCHIO PASCOLI|830006302
CASTELVETERE|830009608
CASTELVETRANO|830012113
CASTELVETRO|830001960
CASTIGLION DEL LAGO|830006923
CASTIGLION FIORENTINO|830006920
CASTIGLIONCELLO|830006729
CASTIGLIONE COSENTINO|830011909
CASTIGLIONE DI SICIL|830012362
CASTIGLIONE IN TEVERINA|830008205
CASTIONE ANDEVENNO|830001429
CASTIONE DEI MARCHESI|830001964
CASTRO-POFI|830008665
CASTROFILIPPO|830012374
CASTRONNO|830001208
CASTRONOVO DI SICILIA|830012206
CATANIA ACQUICELLA|830012337
CATANIA CENTRALE|830012332
CATANIA OGNINA|830012331
CATANZARO|830011956
CATANZARO LIDO|830011833
CATENANUOVA|830012244
CATTOLICA S.GIOVANNI GABICCE|830007102
CAULONIA|830011846
CAVA CARBONARA|830000279
CAVA DE' TIRRENI|830009816
CAVA TIGOZZI|830001914
CAVAGNOLO BRUSASCO|830000423
CAVALLEGGERI AOSTA|830009113
CAVALLERMAGGIORE|830000603
CAVANELLA D'ADIGE|830005425
CAVANELLA PO|830005422
CAVARIA OGGIONA IERAGO|830001210
CAVAZZALE|830002147
CAVI|830004724
CECCANO|830008664
CECCHINA|830008732
CECINA|830006026
CEFALU'|830012019
CEGGIA|830002665
CELANO-OVINDOLI|830008528
CELLE|830004530
CELLE BULGHERIA ROCCAGLORIOSA|830011716
CENGIO|830000745
CENTALLO|830000608
CENTOLA|830011715
CEPRANO-FALVATERRA|830008666
CERCENASCO|830000541
CERCHIO|830008530
CERCINA|830006956
CERDA|830012200
CEREA|830002364
CEREGNANO|830005417
CERIALE|830004517
CERIGNOLA|830011103
CERNUSCO-MERATE|830001513
CERRETO D'ESI|830007300
CERTALDO|830006803
CERTOSA DI PAVIA|830001803
CERVARO|830011200
CERVIA-MILANO MARITTIMA|830005814
CERVIGNANO SM.|830003208
CERVIGNANO SM. FP|830003211
CERVIGNANO-AQUILEIA-GRADO|830003207
CERVIGNASCO|830000546
CERVO SAN BARTOLOMEO|830004512
CESANO DI ROMA|830008319
CESE|830009530
CESENA|830005066
CESENATICO|830005815
CETRARO|830011735
CEVA|830000742
CHAMBAVE|830000141
CHATILLON SAINT VINCENT|830000142
CHERASCO|830000733
CHIANCHE CEPPALONI|830009510
CHIARAVALLE|830007201
CHIARI|830001713
CHIARONE|830008007
CHIASSO|830001301
CHIASSO SM.|830090183
CHIAVARI|830004722
CHIAVENNA|830001400
CHIERI|830000500
CHIETI|830007712
CHIEUTI SERRACAPRIOLA|830011021
CHIGNOLO PO|830001868
CHIOGGIA|830005428
CHIOMONTE|830000206
CHIRIALZA|830012899
CHIUDUNO|830001536
CHIURO|830001435
CHIUSA|830002017
CHIUSANO COSSOMBRATO|830000429
CHIUSI-CHIANCIANO TERME|830006925
CHIVASSO|830000232
CIAMPINO|830008650
CIARDES|830002209
CINISI TERRASINI|830012126
CIPPO CORVI KM 0.000/8.674|830004111
CIPPO KM 0.000/14.000|830070002
CIPPO KM 0.000/88.522|830000045
CIPPO KM 3.008/4.018|830070001
CIPPO KM 30.000/23.462|830001815
CIPPO KM 39.166/0.000|830000645
CIPPO KM 5.000|830002529
CIPPO KM 8.356/0.000|830000845
CIRELLA MAJERA'|830011730
CIRO'|830011820
CISANO CAPRINO BERGAMASCO|830001525
CISMON DEL GRAPPA|830002500
CISTERNA DI LATINA|830008603
CISTERNINO|830011131
CITERNA TARO|830006154
CITTA' DELLA PIEVE|830008200
CITTADELLA|830002535
CITTADUCALE|830007406
CIVATE|830001462
CIVITA CASTELLANA|830008211
CIVITA D'ANTINO-MORINO|830008853
CIVITANOVA MARCHE|830007506
CIVITAVECCHIA|830008010
CIVITAVECCHIA FASCIO|830090186
CIVITAVECCHIA M.MA|830008012
CIVITAVECCHIA V.VITT|830008024
CIVITELLA PAGANICO|830006822
CIVITELLA ROVETO|830008852
CIXERRI|830012970
CLASSE|830005812
COCCAGLIO|830001540
COCCONATO|830000425
COCULLO|830008534
CODIGORO|830033011
CODOGNO|830001828
CODOLA|830009703
CODROIPO|830002831
COGOLETO|830004532
COLDRANO-MARTELLO|830002206
COLFELICE|830008862
COLICO|830001420
COLLARMELE|830008531
COLLE ISARCO|830002005
COLLE MATTIA|830008651
COLLE VAL D'ELSA|830006840
COLLECCHIO|830006151
COLLEDIMEZZO|830007994
COLLEFERRO-SEGNI-PALIANO|830008657
COLLEGNO|830000217
COLLESALVETTI|830006018
COLLEVECCHIO|830008221
COLLI DI MONTE BOVE|830008520
COLOGNE|830001539
COLONNA GALLERIA|830008673
COLORNO|830001852
COMIGNAGO|830000050
COMISO|830012411
COMITINI|830012212
COMITINI ZOLFARE|830012371
COMO S.GIOVANNI|830001307
COMPIOBBI|830006902
COMPRE S.VINCENZO|830008865
CONDOFURI|830011861
CONDOVE|830000212
CONEGLIANO|830002706
CONFINE FRANCESE|830000200
CONFINE ITALO/FRANCESE|830023601
CONFINE ITALO/SLOVENO|830003318
CONFLUENZA MI-TN|830002584
CONFLUENZA UD-TS|830002549
CONSELICE|830005950
CONTEA LONDA|830006702
CONTESSE|830012355
CONTIGLIANO|830007404
CONTURSI (P. GARIBAL|830060012
CONTURSI TERME|830009826
CONZA ANDRETTA CAIRANO|830009631
CONZA NUOVO INSEDIAM|830060078
CORBETTA S.STEFANO|830001041
CORBEZZI|830005115
CORCHIANO|830008112
CORDOVADO SESTO|830002661
CORIGLIANO CALABRO|830011812
CORMONS|830003300
CORNIGLIA|830004734
CORNINO|830003053
CORNUDA|830002569
CORONELLA|830005726
CORRIDONIA MOGLIANO|830007308
CORSANO|830009324
CORSICO|830001064
CORTEOLONA|830001865
COSENZA|830011910
COSIO TRAONA|830001424
COSSATO|830000973
COSTA|830002375
COSTA MASNAGA|830001491
COSTIGLIOLE (MOTTA DI)|830000348
COSTIGLIOLE D'ASTI|830000829
COSTIGLIOLE SALUZZO|830000702
COTIGNOLA|830005956
COTILIA|830007432
COZZE|830011151
COZZO|830000332
CREMA|830001605
CREMONA|830001915
CRESCENTINO|830000172
CRESPINO DEL LAMONE|830006608
CRESSA FONTANETO|830000017
CREVALCORE|830005316
CROCETTA|830007988
CROCICCHIE|830008317
CROPANI|830011830
CROTONE|830011823
CRUCOLI|830011819
CUCCIAGO|830001312
CUNEO|830000610
CUNEO GESSO|830000611
CUNICO SCANDELUZZA|830000427
CUPONE|830008868
CUPRAMARITTIMA|830007511
CUREGGIO|830000051
CURINGA|830011751
CUSANO|830002700
CUTRO|830011826
CUZZAGO|830001010
CABIATE|830025031
CADOLA-SOCCHER|830002737
CAIAZZO|830052009
CALBENZANO|830006080
CAMPO S. MARTINO|830082821
CAMPORE|830000889
CAMPOROSSO IN VALCAN|830003004
CANZO|830025045
CAPOLONA|830034102
CARBONIA SERBARIU|830013703
CARONNO PERTUSELLA|830025116
CARUGO-GIUSSANO|830025033
CASELLE|830000087
CASTELLANZA|830025624
CATANIA (TUTTE STZ)|830012796
CATANIA EUROPA|830012335
CATANIA OGNINA|830012333
CAVARENO|830080201
CERIANO LAGHETTO-GROANE|830001927
CERIANO LAGHETTO-SOLARO|830001934
CERVINARA|830039012
CESANO BOSCONE|830001112
CESANO MADERNO|830025017
CESATE|830025754
CHIETI - MAD.D.P.|830007025
CHIUSAFORTE|830003013
CIPPO 0.00/1.493|830004807
CIPPO 3.464|830070501
CIPPO KM 122|830003027
CIPPO KM 40|830003320
CIPPO KM 64|830002770
CIRIÃ|830000090
CIVIDALE DEL FRIULI|830027410
CIVITAVEC. (T.STAZ)|830008997
CIVITELLA-BADIA AL PINO|830034004
COLLI DEL TRONTO|830007024
COLMEGNA|830001111
CONA F. C.|830033002
CONF. IT/CH MO1|830001304
CONF. IT/CH MO2|830001303
CONFINE ITALO/FRANCESE|830000061
CORMANO-BRUSUGLIO|830025007
CUORGNÃ|830000888
CURTAROLO|830082820
DE QUAD/PC TURRO|830001723
DECIMOMANNU|830012888
DEGO|830000877
DEIVA MARINA|830004728
DELEBIO|830001422
DELIA|830012384
DERBY|830000162
DERVIO|830001408
DESENZANO|830002084
DESIO|830001320
DEV LUCCA/SPEZIA|830006498
DEV. 36-BIVIO ORETO|830012058
DEV. BARATTI CAMPIGLIA|830006055
DEV. BIVIO CARGNACCO|830003999
DEV. BIVIO CIVIDALE|830003024
DEV. ESTR. ARQUATA|830004204
DEV. ESTR. BORZOLI (LATO OVADA)|830004123
DEV. ESTR. CASALE MONFERRATO LATO C|830000058
DEV. ESTR. CERVIGNANO SM. LATO A.G.|830003048
DEV. ESTR. CERVIGNANO SM. LATO T.VI|830003047
DEV. ESTR. CONEGLIANO|830002576
DEV. ESTR. FIRENZE CAMPO MARTE|830006062
DEV. ESTR. FIRENZE STATUTO|830006431
DEV. ESTR. GENOVA SAMP.(LATO SV)|830004126
DEV. ESTR. KM 2.730-ROMA TUSCOLANA|830077774
DEV. ESTR. LA SPEZIA|830006061
DEV. ESTR. LATO GENOVA PP|830004124
DEV. ESTR. MILANO PORTA ROMANA|830001044
DEV. ESTR. PADOVA|830002533
DEV. ESTR. RHO|830001090
DEV. ESTR. STRASSOLDO LATO UD|830003997
DEV. ESTR. SURBO|830011045
DEV. ESTR. TO L. LATO MONCALIERI|830000047
DEV. ESTR. TO L. LATO TORINO PN|830000046
DEV. ESTR. TORINO ORBASSANO|830000048
DEV. ESTR. TORINO PS|830000049
DEV. ESTR. TORTONA|830001050
DEV. ESTR. TREVISO|830002552
DEV. ESTR. VENAFRO NORD|830009117
DEV. ESTR. VENAFRO SUD|830009118
DEV. ESTR. VENEZIA|830002542
DEV. ESTR. VERONA|830002436
DEV. ESTR. VICENZA|830002574
DEV. ESTREMO SR|830006499
DEV. INTERCONNESSIONE AV/AC|830008995
DEV. KM 239.232 ZURRIA|830012057
DEV. N.2 UDINE PARCO|830003998
DEV. NAVICELLI PISA CENTRALE|830006058
DEV. NOVARA (LATO MI)|830000044
DEV. NOVARA (LATO TO)|830000043
DEV. NOVARA BOSCHETTO (LATO AV)|830000040
DEV. PIAZZALONE CAMPIGLIA|830006059
DEV. RACC. ARR. CERVIGNANO SM.|830003996
DEV. RACC. PAR. CERVIGNANO SM.|830003995
DEV. TAGLIAFERRO PISA CENTRALE|830006057
DEV.CHILIVANI LATO MACOMER|830012800
DEV.CHILIVANI LATO PORTO TORRES|830012801
DEV.DIR. ROCCA E.|830009190
DEV.E.MI ROG.|830001819
DEV.INT.CAST.F.|830005264
DIAMANTE BUONVICINO|830011731
DIANO|839999994
DIANO MARINA|830004511
DICOMANO|830006701
DIECIMO-PESCAGLIA|830006310
DIRILLO|830012408
DITTAINO|830012240
DOBBIACO|830002113
DOLO|830002587
DOMEGLIARA|830002055
DOMO II|830001004
DOMODOSSOLA|830001003
DONNA|830004202
DONNAFUGATA|830012412
DONNAZ|830000148
DOPPIO BIVIO MONTUOLO|830006403
DOPPIO BIVIO NOMENTA|830008129
DOPPIO BIVIO RIMESSE|830005075
DOPPIO BIVIO S.DONAT|830001625
DORIO|830001407
DORMELLETTO|830001025
DORMELLETTO PAESE|830000980
DOSSOBUONO|830002330
DRONERO|830000722
DUBINO|830001405
DUEVILLE|830002146
DUOMO VIA VERNIERI|830009820
DARFO-CORNA|830026015
DEV.DIR.NA AFRA.|830009126
DEV.DIR.PM CASO.|830009125
DEV.E.DD PM ROV.|830006935
DEV.E.GE VOLTRI|830004542
DEV.E.LL PM ROV.|830006936
DEV.EST. NA GIAN|830009123
DEV.ESTR.BARI C.|830070074
DEV.ESTR.BOSCO R|830011109
DEV.IM LT BA|830014001
DEV.IM LT BN/PZ|830011111
DEV.INT. DD/AV|830070076
DEV.INT. NA C.LE|830009112
DEV.KM 0.894|830009217
DEV.S.RUFF.U/I|830005003
DIRAMVR SC-VR PN|830002429
DOGATO|830033006
DOGLIANI|830060088
DOGNA|830003012
DRAGONI|830052010
EBOLI|830009824
ECA NASAGO'|830000926
ECCELLENTE|830011788
EGNA-TERMENO|830002032
EGNAZIA|830011154
ELLERA CORCIANO|830007003
EMPOLI|830006510
ENAS|830012856
ENNA|830012238
ENZITETO-CATINO|830011157
EQUI TERME|830006226
ESTE|830002396
EXILLES|830000251
ELMAS AEROPORTO|830012819
ERBA|830025039
FABRIANO|830007208
FABRIANO CA' MAIANO|830007059
FABRICA DI ROMA|830008111
FABRO-FICULLE|830008201
FAE'FORTOGNA|830002557
FAENZA|830005058
FAGARE'|830002762
FAGNANO CAMPANA|830007420
FALCIANO-MONDRAGONE-CARINOLA|830009001
FALCONARA|830012405
FALCONARA IBLEA|830012440
FALCONARA MARITTIMA|830007111
FALCONARA STADIO|830007117
FALCONE|830012038
FALERNA|830011747
FANNA-CAVASSO|830003083
FANO|830007105
FANZOLO|830002575
FARA|830000112
FARA SABINA|830008214
FARIGLIANO|830000737
FASANO|830011130
FAUGLIA-LORENZANA|830006021
FAVAROTTA|830012386
FAVAZZINA|830011771
FEDERICO|830012136
FELEGARA-S.ANDREA BAGNI|830006103
FELIZZANO|830000468
FELTRE|830002564
FERENTINO-SUPINO|830008661
FEROLETO ANTICA PIANOPOLI|830011952
FERRANDINA|830011458
FERRANIA|830004804
FERRARA|830005712
FERRERA LOMELLINA|830000404
FERRUZZANO|830011856
FIDENE|830008225
FIDENZA|830005009
FIERA|830012137
FIERA DI ROMA|830008415
FIESOLE CALDINE|830006953
FIGLINE VALDARNO|830006908
FILATTIERA|830006165
FILDIDONNA|830012277
FILIANO|830011211
FINALE LIGURE MARINA|830004522
FIORENTINA DI PIOMBINO|830006774
FIORENZUOLA|830005007
FIRENZE BINARIO S.MARCO VECCHIO|830006950
FIRENZE CAMPO MARTE|830006900
FIRENZE CASCINE|830006515
FIRENZE CASTELLO|830006419
FIRENZE RIFREDI|830006420
FIRENZE RIFREDI DEV. OLMATELLO|830006048
FIRENZE ROVEZZANO|830006901
FIRENZE S.MARIA NOVELLA|830006421
FIRENZE STATUTO|830006430
FISCIANO|830009519
FIUMEFREDDO BRUZIO|830011741
FIUMEFREDDO DI SICILIA|830012322
FIUMELATTE|830001412
FIUMETORTO|830012015
FIUMICINO AEROPORTO|830008412
FIVIZZANO ROMETTA-SOLIERA|830006222
FIVIZZANO-GASSANO|830006223
FOGGIA|830011100
FOGNANO|830006613
FOLIGNO|830007217
FOLLONICA|830006033
FONDI-SPERLONGA|830008606
FONTAN SAORGE|830075685
FONTANA LIRI|830008860
FONTANA LIRI INFERIORE|830008864
FONTANAFREDDA|830002702
FONTANAROSA|830009225
FONTANETTO PO|830000174
FONTANIVA|830002534
FONTEBUONA|830006619
FONTECCHIO|830007421
FORENZA|830011210
FORGARIA BAGNI ANDUINS|830003054
FORLI'|830005059
FORLIMPOPOLI|830005065
FORMIA|830008640
FORNACI DI BARGA|830006304
FORNOVO|830006153
FORTE DEI MARMI SERRAVEZZA-QUERCETA|830006011
FORTEZZA|830002011
FOSCIANDORA-CESERANA|830006301
FOSSACESIA|830077773
FOSSACESIA-TORINO DI SANGRO|830007819
FOSSALTA DI PIAVE|830002667
FOSSALTA DI PORTOGRU|830003201
FOSSANO|830000606
FOSSATO DI VICO GUBBIO|830007209
FRAGNETO MONFORTE|830009506
FRAMURA|830004729
FRANCAVILLA|830012361
FRANCAVILLA AL MARE|830007813
FRANCAVILLA ANGITOLA-FILADELFIA|830011752
FRANCAVILLA FONTANA|830011603
FRANCIA|830012140
FRANCIOSA|830009838
FRASCATI|830008751
FRASSO|830008808
FRASSO TELESINO-DUGENTA|830009305
FRATTA|830002374
FRATTAMAGGIORE|830009008
FRATTAROLO|830011053
FRATTE|830009522
FRATTE CENTRO|830002524
FRATTE VILLA COMUNALE|830009534
FROSINONE|830008662
FRUGAROLO BOSCOMARENGO|830004200
FULGATORE|830012155
FUNO CENTERGROSS|830005727
FURCI|830012313
FUSCALDO|830011738
FASCIO VALDARO|830002027
FAVRIA-OGLIANICO|830000885
FELETTO|830000883
FELONICA PO|830032307
FERNO-LONATE POZZOLO|830025760
FERRARA ALEOTTI|830033015
FERRARA P. RENO|830033001
FICARAZZI|830012035
FIRENZE P.PRATO|830006518
FIRENZE STATUTO INT.|830006427
FIRENZE TUTTE STAZ|830006998
FIUMARA GAZZI|830012001
FIUMICINO|830008401
FONDO|830080203
FONTANE BIANCHE|830012054
GABELLA GRANDE|830011871
GAGGI|830012358
GAGGIANO|830001063
GAGGIO|830002671
GAGLIOLE|830007311
GAIBANELLA|830005800
GAIFANA|830007212
GALATI|830012305
GALDO|830009900
GALLARATE|830001030
GALLERIA BALDUINI|830090199
GALLERIA MASCAMBRONI|830009312
GALLESE BASSANELLO|830008113
GALLESE IN TEVERINA|830008210
GALLIERA|830005721
GALLIERA VENETA TOMBOLO|830002541
GALLITELLO|830012115
GAMALERO|830000861
GAMBERALE-S.ANGELO P.|830007997
GAMBETTOLA|830005067
GAMBOLO'-REMONDO'|830000274
GARBAGNA|830000030
GARESSIO|830000924
GARGAZZONE|830002221
GARLASCO|830000276
GATTEO A MARE|830005816
GATTINARA|830000052
GAVIGNANO|830008220
GAVORRANO|830006036
GAVOTTI|830008818
GAZZADA SCHIANNO MORAZZONE|830001207
GAZZO DI BIGARELLO|830002381
GAZZO PIEVE S.GIACOMO|830001917
GELA|830012407
GELA-ANIC|830012430
GEMELLI|830008329
GEMONA DEL FRIULI|830003019
GENGA S.VITTORE TERME|830007206
GENISI|830012413
GENOVA ACQUASANTA|830004107
GENOVA BOLZANETO|830004218
GENOVA BORZOLI|830004109
GENOVA BRIGNOLE|830004702
GENOVA CAMPASSO|830004430
GENOVA CORNIGLIANO|830004538
GENOVA COSTA DI SESTRI PONENTE|830004110
GENOVA GRANARA|830004108
GENOVA MARITTIMA|830016504
GENOVA MARITTIMA S.LIMBANIA|830004603
GENOVA NERVI|830004707
GENOVA PEGLI|830004536
GENOVA PIAZZA PRINCIPE|830004700
GENOVA PIAZZA PRINCIPE SOTTERRANEA|830004701
GENOVA PONTEDECIMO|830004217
GENOVA PRA|830004535
GENOVA QUARTO DEI MILLE|830004704
GENOVA QUINTO AL MARE|830004705
GENOVA RIVAROLO|830004219
GENOVA S.BIAGIO|830004222
GENOVA S.QUIRICO|830004213
GENOVA SAMPIERDARENA|830004220
GENOVA SAMPIERDARENA SM.|830070011
GENOVA SESTRI PONENTE|830004537
GENOVA STURLA|830004703
GENOVA VESIMA|830004540
GENOVA VIA DI FRANCIA|830004223
GENOVA VOLTRI|830004534
GENOVA VOLTRI MARE|830004541
GERBINI|830012247
GHEDI|830001841
GHEMME|830000110
GHISLARENGO|830000974
GHIVIZZANO-COREGLIA|830006306
GIACHERY|830012138
GIAMPILIERI|830012308
GIAROLE|830000316
GIARRE RIPOSTO|830012324
GIAVE|830012866
GINOSA|830011462
GIOIA DEL COLLE|830011505
GIOIA TAURO|830011766
GIOIOSA JONICA|830011848
GIOJOSA MAREA|830012033
GIOVINAZZO|830011115
GIUGLIANO QUALIANO|830009100
GIULIANOVA|830007802
GIUNCANO|830007225
GIUNCARICO|830006037
GIZZERIA LIDO|830011748
GLORIE|830005809
GODO|830005904
GOLE DI ALCANTARA|830012366
GOLFO ARANCI|830012852
GOLFO ARANCI MARITTIMA|830012850
GONZAGA-REGGIOLO|830002344
GORGO AL MONTICANO|830002766
GORIANO SICOLI|830008535
GORIZIA CENTRALE|830003304
GOZZANO|830000015
GRAGNANO|830009758
GRAGNOLA|830006224
GRAMMICHELE|830012272
GRANAIOLO|830006801
GRANAROLO|830005955
GRANITI|830012359
GRASSANO|830011456
GRAVELLONA TOCE|830000007
GRAVINA IN PUGLIA|830011306
GRECCIO|830007403
GRICIGNANO|830009300
GRIGNANO|830003315
GRIGNASCO|830000106
GRIGNO|830002317
GRISIGNANO DI ZOCCO|830002579
GRISOLIA S.MARIA|830011729
GRIZZANA|830005133
GROPELLO CAIROLI|830000277
GROSSETO|830006039
GROTTAGLIE|830011602
GROTTAMMARE|830007512
GROTTE|830012372
GROTTE S.STEFANO|830008301
GRUMELLO DEL MONTE|830001537
GRUMO APPULA|830011502
GRUPPO SC. MESTRE AC|830002590
GRUPPO SC. MESTRE ST|830070003
GRUPPO SCAMBI ALTICHIERO|830002548
GRUPPO SCAMBI MONTA'|830002544
GUALDO TADINO|830007211
GUARDAVALLE|830011843
GUARDIA MANGANO S.VENERINA|830012327
GUARDIA PIEMONTESE TERME|830011737
GUARDIAREGIA|830009456
GUGLIONESI PORTOCANNONE|830009469
GUIDONIA-MONTECELLO-S.ANGELO|830008506
GAGGIO PORTA EST|830002673
GARBAGNATE PARCO DELLE GROANE|830025115
GENOVA TUTTE STZ|830004999
GERMAGNANO|830000096
GIOVI|830034101
GRUGLIASCO|830000059
GUADAGNA|830012144
HONE BARD|830000147
IGEA MARINA|830005818
IGLESIAS|830012950
IL CIONFO|830006958
IL CIONFO BINARIO LE CURE|830006957
IL CIONFO BINARIO SALVIATI|830006951
IL NETO|830006424
IMERA|830012236
IMOLA|830005054
IMPERIA ONEGLIA|830004510
IMPERIA PORTO MAURIZIO|830004509
INCISA|830006907
INCISA SCAPACCINO|830000835
INCORONATA|830011101
INDICATORE|830006914
INDUNO OLONA|830001204
INTERCONNESSIONE CREMONA|830001557
INTERCONNESSIONE PIACENZA OVEST|830001556
IPOGEO DEGLI OTTAVI|830008331
ISERNIA|830009053
ISOLA CAPO RIZZUTO|830011825
ISOLA D'ASTI|830000347
ISOLA DEL CANTONE|830004210
ISOLA DELLA SCALA|830005307
ISOLA DELLE FEMMINE|830012129
ISOLA LIRI|830008858
ISOLETTA-S.GIOVANNI I.|830008667
ISPICA|830012421
ISPRA|830001121
ISTRANA|830002539
ITRI|830008607
IVREA|830000154
IMPERIA|830004523
INVERIGO|830025035
ISELLE DI TRASQUERA|830001000
JESI|830007202
JOPPOLO|830011763
L'AQUILA|830007414
LA BRIGUE|830075687
LA FIORA|830008810
LA GIUSTINIANA|830008330
LA RUSTICA CITTA'|830008513
LA RUSTICA UIR|830008505
LA SALLE|830000132
LA SPEZIA CENTRALE|830006000
LA SPEZIA MARITTIMA|830006002
LA SPEZIA MIGLIARINA|830006004
LA STORTA|830008320
LABICO|830008655
LABRO MOGGIO|830007427
LACES|830002207
LADISPOLI-CERVETERI|830008021
LAGONEGRO|830009911
LAGUNDO ALGUND|830002215
LAIGUEGLIA|830004514
LAIVES|830002029
LAMA|830005418
LAMA DI RENO|830005121
LAMBRINIA|830001869
LAMEZIA TERME CENTRALE|830011749
LAMEZIA TERME NICASTRO|830011951
LAMEZIA TERME SAMBIASE|830011950
LANA-POSTAL|830002219
LANCENIGO|830002710
LANCIANO|830051014
LANUVIO|830008733
LANZARA FIMIANI|830009707
LAPIO|830009604
LARINO|830009466
LASA|830002204
LASCARI|830012018
LASTRA A SIGNA|830006001
LATERINA|830006912
LATIANO|830011606
LATINA|830008608
LATISANA LIGNANO-BIBIONE|830003202
LAURIANO|830000421
LAVAGNA|830004723
LAVENO MOMBELLO|830001118
LAVEZZOLA|830005806
LAVINO|830005041
LAVIS|830002037
LAVORATE|830009708
LE CAVE|830002009
LE PIAGGE|830006516
LECCE|830011145
LECCO|830001520
LECCO MAGGIANICO|830001522
LEGGIUNO MONVALLE|830001120
LEGNAGO|830002366
LEGNANO|830001033
LENDINARA|830002373
LENTINI|830012341
LENTINI DIRAMAZIONE|830012340
LEONESSA|830011219
LEONFORTE-PIRATO|830012239
LERCARA BASSA|830012205
LERCARA DIRAMAZ.|830012068
LERINO|830002578
LESA|830001018
LESEGNO|830000954
LESMO|830001501
LETOJANNI|830012316
LEVADA|830002568
LEVANTO|830004731
LEVICO|830002309
LIBERTINIA|830012242
LICATA|830012400
LIDO DI CLASSE-LIDO DI SAVIO|830005813
LIDO DI LAVINIO|830008714
LIERNA|830001413
LIMITE FS|830002597
LIMONE|830000617
LIONI|830009616
LIONI VALLE DELLE VITI|830009628
LISIDE|830011124
LISIERA|830002530
LISON|830002663
LISSONE-MUGGIO'|830001321
LIVORNO CALAMBRONE|830006724
LIVORNO CENTRALE|830006725
LIVORNO FERRARIS|830000237
LOANO|830004519
LOCATE TRIULZI|830001801
LOCRI|830011851
LODI|830001825
LOMELLO|830000405
LONATO|830002083
LONGARONE ZOLDO|830002556
LONGOBARDI|830011742
LONIGO|830002441
LOREO|830005423
LORETO|830007503
LUCCA|830006404
LUGO|830005901
LUMIGNACCO|830003125
LUNGAVILLA|830001806
LUNGHEZZA|830008503
LUNI|830006008
LUOGOSANO|830009606
LUSERNA S.GIOVANNI|830000523
LAGLESIE S. LEOPOLDO|830003009
LAGONEGRO CENTRO|830060015
LAMBRUGO-LURAGO|830025036
LAMEZIA TERME AEROPORTO|830017014
LANZAGO|830060060
LANZO TORINESE|830000095
LASCARI|839999993
LEVADA LAMARCA|830060912
LEVATA|830002019
LEVATE|830001611
LIMENA|830082819
LIMONE CONFINE|830000630
LIPARI PORTO|830086704
LOLLI|830012143
LUCERA|830011000
LUCIGNANO-MARCIANO-POZZO|830034006
LUINO|830001113
MACCARESE|830008020
MACERATA|830007307
MACERATA FONTESCODELLA|830007313
MACHERIO SOVICO|830001500
MACHERIO-CANONICA|830001484
MACOMER|830012869
MADDALENE|830000607
MADDALONI INFERIORE|830009212
MADDALONI MARCIANISE SM. FA|830009223
MADDALONI MARCIANISE SM. FP|830009222
MADDALONI MARCIANISE SM. UM1|830009994
MADDALONI SUPERIORE|830009303
MADIGNANO|830001610
MADONNA DEL PIANO|830008108
MADONNA DEL PILONE|830000820
MADONNA DELLA SCALA|830000501
MADONNA DELLE GRAZIE|830009759
MADONNA DI CASTRO|830012853
MAERNE DI MARTELLAGO|830002512
MAGENTA|830001040
MAGIONE|830007002
MAGLIANA|830008404
MAGLIANO CRAVA MOROZZO|830000951
MAGNA GRECIA|830011123
MAGRE'-CORTACCIA|830002033
MAJANO|830003051
MALEO|830001910
MALLES VENOSTA|830002200
MALTIGNANO DEL TRONTO|830007555
MANAROLA|830004735
MANDATORICCIO CAMPANA|830011817
MANDELA-SAMBUCI|830008512
MANDELLO DEL LARIO|830001415
MANDRAS|830012898
MANERBIO|830001902
MANFREDONIA|830011054
MANIAGO|830003084
MANOPPELLO|830007710
MANTA|830000700
MANTOVA|830002336
MANTOVA FRASSINE|830002380
MANZANO|830003030
MANZIANA-CANALE MONTERANO|830008314
MARANO|830002142
MARANO TICINO|830000983
MARATEA|830011723
MARAUSA|830012104
MARCARIA|830001921
MARCATOBIANCO|830012230
MARCELLINA-PALOMBARA|830008507
MARCELLINA-VERBICARO-ORSOMARSO|830011728
MARCELLINARA|830011953
MARCIANESE|830081706
MARCIANISE|830009301
MARCONI|830011122
MARCONIA|830011800
MARECHIARO|830008717
MARGARITA|830000902
MARGHERITA DI SAV./OFANTINO|830011107
MARIANOPOLI|830012234
MARIGLIANO|830009750
MARINA DI CERVETERI|830008022
MARINA DI MARATEA|830011724
MARINA DI S.LORENZO|830011862
MARINELLA|830012854
MARINO|830008701
MARINO DEL TRONTO-FOLIGNANO|830007556
MARLENGO|830002214
MARMORE|830007401
MAROTTA-MONDOLFO|830007107
MARRADI|830006610
MARRUBIU-TERRALBA-ARBOREA|830012879
MARSALA|830012107
MARZABOTTO|830005105
MARZAMEMI|830012444
MARZOCCA|830007109
MASCALI|830012323
MASCHIO|830004811
MASSA CENTRO|830006009
MASSA ZONA INDUSTRIALE|830006042
MASSAFRA|830011510
MASSALOMBARDA|830005952
MASSAROSA BOZZANO|830006350
MATELICA|830007301
MATRICE MONTAGANO|830009461
MATTARELLO|830002040
MAZARA DEL VALLO|830012110
MEDE|830000406
MEDESANO|830006102
MEDUNO|830003082
MEGARA-GIANNALENA|830012346
MEINA|830001019
MELANO MARISCHIO|830007065
MELE|830004106
MELEGNANO|830001822
MELFI|830011206
MELITO DI PORTO SALVO|830011863
MELZO|830001705
MELZO SCALO|830001720
MEOLO|830002668
MERANA|830000875
MERANO|830002216
MERANO-MAIA BASSA|830002217
MERCATO S.SEVERINO|830009706
MERCENASCO|830000156
MERGOZZO|830001012
MERONE|830001454
MESAGNE|830011607
MESSINA CENTRALE|830012301
MESSINA MARITTIMA|830012300
MESSINA SCALO|830012007
MESTRE RACCORDO A/P|830002546
MESTRINO|830002580
METAPONTO|830011461
MEZZANI RONDANI|830001851
MEZZANO|830005810
MEZZOCORONA|830002035
MI ROG.BIN.ESTER.|830001634
MIGNANEGO|830004212
MIGNANO DI MONTE LUNGO|830009201
MILANO CENTRALE|830001700
MILANO CERTOSA|830001640
MILANO DATEO|830001665
MILANO DOMODOSSOLA|830025750
MILANO FARINI|830001644
MILANO GRECO PIRELLI|830001326
MILANO LAMBRATE|830001701
MILANO LANCETTI|830001661
MILANO MAV|830001699
MILANO N.CADORNA|830025001
MILANO NORD BOVISA|830001642
MILANO PORTA GARIBALDI|830001645
MILANO PORTA GENOVA|830001631
MILANO PORTA ROMANA|830001632
MILANO PORTA VITTORIA|830001633
MILANO QUARTO OGGIARO|830025751
MILANO REPUBBLICA|830001663
MILANO ROGOREDO|830001820
MILANO ROMOLO|830001032
MILANO S.CRISTOFORO|830001630
MILANO SM.|830001702
MILANO VENEZIA|830001664
MILANO VILLAPIZZONE|830001666
MILAZZO|830012042
MILETO|830011790
MILITELLO|830012276
MILO|830012157
MIMIANI-S.CATALDO|830012235
MIMMOLE|830006954
MINEO|830012275
MINERVINO MURGE|830011403
MINTURNO|830009150
MINUCCIANO-PIEVE-CASOLA|830006227
MIRA MIRANO|830002588
MIRADOLO TERME|830001867
MIRAMARE|830003316
MIRANDOLA|830005311
MIRTO CROSIA|830011814
MISANO ADRIATICO|830007119
MODANE (IT)|830074200
MODANE FX|830000190
MODENA|830005032
MODICA|830012417
MODUGNO|830011500
MODUGNO CITTA'|830011515
MOGGIO|830003015
MOGLIANO VENETO|830002717
MOIANA|830001456
MOJO-ALCANTARA MALVA|830012363
MOLA DI BARI|830011127
MOLARE|830004102
MOLFETTA|830011114
MOLINA-CASTELVECCHIO SUBEQUO|830007424
MOLINO DEL PALLONE|830005112
MOLTENO|830001458
MOMBALDONE-ROCCAVERANO|830000873
MOMBARUZZO|830000808
MOMO|830000019
MONASTERACE-STILO|830011844
MONASTERO-PRATAVECCH|830000721
MONCALIERI|830000453
MONCALIERI SANGONE|830000510
MONCALVO|830000340
MONCHIERO-DOGLIANI|830000735
MONDOVI'|830000952
MONEGLIA|830004727
MONFALCONE|830003310
MONGARDINO|830000801
MONGRASSANO-CERVICATI|830011905
MONGUELFO-CASIES|830002111
MONOPOLI|830011129
MONSAMPOLO DEL TRONTO|830007553
MONSELICE|830005703
MONTAGNANA|830002392
MONTAGUTO PANNI|830009319
MONTALBANO JONICO A.|830054015
MONTALE AGLIANA|830006415
MONTALLESE|830006856
MONTALTO DI CASTRO|830008008
MONTALTO DORA|830000153
MONTALTO ROSE|830011908
MONTANARO|830000160
MONTE AMIATA|830006818
MONTE ANTICO|830006820
MONTE ARCAU|830012973
MONTE GIORDANO|830011805
MONTE MELINO|830007014
MONTE S.BIAGIO|830008605
MONTEBELLO|830002443
MONTEBELLUNA|830002570
MONTECALVO-BUONALBERGO-CASALBORE|830009315
MONTECARLO S.SALVATORE|830006408
MONTECAROTTO-CASTELBELLINO|830007203
MONTECATINI CENTRO|830006412
MONTECATINI TERME|830006411
MONTECHIARO D'ASTI|830000428
MONTECHIARO DENICE|830000872
MONTECORVINO|830009822
MONTECOSARO|830007310
MONTEFALCIONE|830009602
MONTEFIASCONE|830008303
MONTEFREDANE|830009529
MONTEGROSSO|830000803
MONTEIASI|830011601
MONTELLA|830009612
MONTELLO GORLAGO|830001535
MONTELUPO CAPRAIA|830006511
MONTEMAGGIORE|830012203
MONTEMARANO|830009610
MONTEMARCIANO|830007110
MONTEMILETTO|830009603
MONTENERO PETACCIATO|830007825
MONTEPAONE-MONTAURO|830011836
MONTEPESCALI|830006038
MONTEPRANDONE|830007554
MONTEPULCIANO|830006855
MONTEREALE VALCELLINA|830003085
MONTERODUNI|830009057
MONTERONI D'ARBIA|830006871
MONTEROSSO|830004732
MONTEROSSO MARCHE|830007062
MONTEROTONDO|830008215
MONTESANO-BUONABITACOLO|830009909
MONTESANTO|830005801
MONTESILVANO|830007808
MONTEU DA PO|830000422
MONTEVARCHI TERRANUOVA|830006910
MONTEVERDE|830009624
MONTI TELTI|830012857
MONTICCHIO|830009622
MONTICELLI D'ONGINA|830001971
MONTICELLO D'ALBA|830000823
MONTIGLIO MURISENGO|830000426
MONTIRONE|830001840
MONTJOVET|830000144
MONTORO FORINO|830009518
MONTORO SUPERIORE|830009517
MONTORSI|830009528
MONTORSOLI|830006601
MONZA|830001322
MONZA SOBBORGHI|830001480
MONZONE-MONTE DEI BANCHI-ISOLANO|830006225
MONZUNO|830005132
MORANO SUL PO|830000177
MORBEGNO|830001425
MORCONE|830009503
MORENGO BARIANO|830001710
MORES ITTIREDDU|830012864
MORETTA|830000544
MORGEX|830000131
MORI|830002046
MORNAGO CIMBRO|830001144
MOROLO|830008660
MORRA DE SANCTIS TEORA|830009617
MORREA-CASTRONOVO-RENDINARA|830008854
MORROVALLE MONTE S.GIUSTO|830007309
MORTARA|830000034
MOSCIANO S.ANGELO|830007904
MOSSA|830003302
MOTTA CAMASTRA|830012360
MOTTA DI LIVENZA|830002767
MOTTA S.ANASTASIA|830012250
MOTTA S.DAMIANO|830001862
MOTTA S.GIOVANNI LAZZARO|830011865
MOTTEGGIANA|830002339
MOZIA-BIRGI|830012105
MOZZECANE|830002332
MULINETTI|830004713
MURATELLA|830008410
MURLO|830006876
MUSEI|830012953
MUSSOTTO|830000824
MUZZANA DEL TURGNANO|830003204
MACOMER STAZIONE|830090037
MAGNACAVALLO|830032317
MALBORGHETTO|830003007
MALOSCO|830080208
MALPENSA AEROPORTO T1|830025635
MALPENSA AEROPORTO T2|830001146
MANFREDONIA MATTATOI|830090378
MANFREDONIA P. MARCO|830090379
MAREDOLCE|830012141
MARIANO COMENSE|830025032
MARZAGLIA|830005024
MASI TORELLO|830033004
MASSAFISCAGLIA|830033010
MATERA TERMINAL|830013706
MATHI|830000093
MEDA|830025025
MEDUNA DI LIVENZA|830060062
MEMMENANO|830006075
MENDOLA MENDEL|830080207
MESTRE OSPEDALE|830002517
MIGLIARINO|830033008
MIGLIARO|830033009
MILANO AFFORI|830025005
MILANO BRUZZANO PARCO NORD|830025006
MILANO FORLANINI|830001492
MILANO PORTA GARIBALDI PASSANTE|830001662
MILANO TUTTE STAZ.|830008354
MILANO TUTTE STAZ.|830008352
MILANO TUTTE STZ|830001650
MILI MARINA|830012003
MOIMACCO|830027408
MOLINI D`ISOLA|830000346
MONDOVI' BREO|830000906
MONSAMPOLO DEL T|830007023
MONSAMPOLO DEL T|839999995
MONTE S. SAVINO|830034005
MUSIANO-PIAN DI MACINA|830005139
NAPOLI AFRAGOLA|830009988
NAPOLI CAMPI FLEGREI|830009103
NAPOLI CENTRALE|830009218
NAPOLI GIANTURCO|830009110
NAPOLI MERGELLINA|830009105
NAPOLI MOLO BEVEREL.|830086707
NAPOLI MOLO MERGELL.|830086708
NAPOLI MONTESANTO|830009107
NAPOLI PIAZZA GARIBALDI|830009109
NAPOLI PIAZZA LEOPARDI|830009104
NAPOLI S.GIOVANNI BARRA|830009800
NAPOLI SCALO MERCI|830090231
NAPOLI TRACCIA|830009219
NAPOLI TRACCIA FASCI|830090232
NARNI AMELIA|830007230
NARZOLE|830000734
NASISI|830011600
NATURNO|830002211
NAVACCHIO|830006502
NEIVE|830000827
NERA MONTORO|830007229
NETTUNO|830008710
NIBBIA|830000976
NICHELINO|830000511
NICORVO|830000273
NICOTERA|830011764
NIELLA|830000739
NISCEMI|830012392
NIZZA DI SICILIA|830012311
NIZZA MONFERRATO|830000834
NOALE SCORZE'|830002510
NOCERA INFERIORE|830009814
NOCERA INFERIORE MERCATO|830009709
NOCERA SUPERIORE|830009815
NOCERA TIRINESE|830011746
NOCERA UMBRA|830007213
NOCETO|830006101
NOGARA|830005310
NOLA|830009700
NOLA INTERPORTO|830009699
NONE|830000513
NOTARESCO|830007903
NOTO|830012424
NOTO BAGNI|830012446
NOVA GORICA|830003303
NOVA SIRI ROTONDELLA|830011803
NOVARA|830000248
NOVARA BOSCHETTO|830000765
NOVARA-MONTALBANO-FURNARI|830012039
NOVATE-MEZZOLA|830001403
NOVE|830002734
NOVI LIGURE|830004203
NOVI SAN BOVO|830090234
NOZZANO|830006351
NUCETTO|830000920
NUOVO SALARIO|830008223
NUS|830000140
NUSCO|830009614
NAPOLI TUTTE STZ|830009993
NEPEZZANO - PIANO D'ACCIO|830007026
NOLE|830000091
NOVARA NORD|830025649
NOVATE MILANESE|830025111
O.G.R. RIPARAZIONI S|830090235
O.M.V. PORTA MAGGIORE|830008497
OCCHIOBELLO|830005710
ODERZO|830002765
OFFIDA CASTEL DI LAMA|830007551
OGGIONO|830001460
OLBIA|830012855
OLBIA MARITTIMA-ISOLA BIANCA|830012901
OLCENENGO|830000244
OLCIO|830001414
OLEGGIO|830000984
OLEVANO|830000036
OLGIATA|830008333
OLGIATE-CALCO-BRIVIO|830001514
OLIVERI TINDARI|830012037
OLIVETTA S.MICHELE|830004480
OLMENETA|830001905
OLMI SPERCENIGO|830002760
OMEGNA|830000010
OMEGNA-CRUSINALLO|830000008
OMIGNANO SALENTO|830011708
ORA|830002031
ORBETELLO|830008004
ORCIANO|830006022
ORDONA|830011202
ORIA|830011605
ORICOLA-PERETO|830008518
ORIGINE-TERMINE TORINO/MILANO|830000163
ORIGINE-TERMINE TORINO/MODANE|830000164
ORIO LITTA|830001870
ORIOLO|830008313
ORIS|830002203
ORISTANO|830012878
ORMEA|830000927
ORNAVASSO|830000006
ORSA|830012121
ORSAGO|830002704
ORSARA DI PUGLIA|830009320
ORTA MIASINO|830000012
ORTANOVA|830011102
ORTE|830008209
ORTONA|830007815
ORVIETO|830008203
OSCHIRI|830012860
OSIMO CASTELFIDARDO|830007502
OSNAGO|830001512
OSOPPO|830003050
OSPEDALETTO EUGANEO|830002395
OSPEDALETTO LODIGIANO|830001871
OSPEDALICCHIO|830007012
OSPITALE DI CADORE|830002554
OSPITALETTO MANTOVANO|830001922
OSPITALETTO TRAVAGLIATO|830001716
OSTERIA NUOVA|830005302
OSTIA PARMENSE|830006160
OSTIGLIA|830005304
OSTUNI|830011132
OTTAVIA|830008321
OTTAVIANO|830009751
OULX CESANA CLAVIERE SESTRIERE|830000204
OVADA|830004103
OVADA NORD|830004007
OVIGLIO|830000840
OZIERI CHILIVANI|830012862
OZIERI FRAIGAS|830012861
OZZANO DELL'EMILIA|830005055
OZZANO MONFERRATO|830000337
OZZANO TARO|830006152
OSTELLATO|830033007
P.B.I. KM 740|830011155
P.B.I. KM 752|830098999
P.C.OSTIGLIA N.|830005309
P.M. FRETO|830005025
P.M. RENO|830005047
P.M.BIVIO ADDA|830001721
P.P. LUNGHEZZA A|830008013
PABILLONIS|830012881
PACE DEL MELA|830012045
PACECO|830012103
PACHINO|830012445
PADERNO ROBBIATE|830001502
PADIGLIONE|830008707
PADOVA|830002581
PADOVA CAMPO MARTE|830002650
PADOVA FASCIO SECONDARIO|830002545
PADOVA INTERPORTO|830002582
PADULA|830009908
PADULI|830009313
PAESE|830002540
PAESE CASTAGNOLE|830002602
PAESTUM|830011703
PAGANI|830009813
PAGANICA|830007416
PALAGIANELLO|830011508
PALAGIANO CHIATONA|830011464
PALAGIANO MOTTOLA|830011509
PALAGONIA|830012279
PALAZZO REALE-ORLEANS|830012130
PALAZZO S.GERVASIO-MONTEMILONE|830011303
PALAZZOLO DELLO STELLA|830003203
PALAZZOLO SULL'OGLIO|830001538
PALAZZOLO VERCELLESE|830000175
PALENA|830008904
PALERMO BRANCACCIO|830012055
PALERMO CENTRALE|830012002
PALERMO MARITTIMA|830016507
PALERMO NOTARBARTOLO|830012134
PALERMO SAMPOLO|830012004
PALESTRO|830000271
PALIDANO|830002343
PALIZZI|830011859
PALLANZENO|830000002
PALLERONE|830006220
PALMA S.GENNARO|830009701
PALMANOVA|830003122
PALMI|830011769
PALMIRO TOGLIATTI|830008509
PALO LAZIALE|830008018
PALOMBINA|830007112
PANICAGLIA|830006605
PANTANELLA|830008716
PANTIERE DI CASTELBELLINO|830007234
PAOLA|830011739
PARABIAGO|830001035
PARATICO SARNICO|830001620
PARCO LEONARDO|830008413
PARCO PRENESTINO|830008495
PARCO PRENESTINO BIN|830090265
PARGHELIA|830011759
PARMA|830005014
PARONA LOMELLINA|830001060
PARTINICO|830012124
PASSIGNANO SUL TRASIMENO|830007001
PASSOMARTINO|830012339
PATERNO-S.PELINO|830008527
PATERNOPOLI|830009607
PATTI-S.PIERO PATTI|830012036
PAULILATINO|830012874
PAVIA|830001860
PAVIA PORTA GARIBALDI|830001861
PAVONA|830008731
PB 23|830090650
PB 27|830070006
PBA 339|830001057
PBA 87-107-8|830005200
PBA 87-111-2|830005201
PBA 87-115-6|830005202
PBA 87-121-2|830005203
PBA 87-125-6|830005204
PBA 87-129-0|830005205
PBA 87-133-4|830005206
PBI|830007016
PBI (EX COZZE)|830070005
PBI 35|830002025
PBI EX EGNAZIA|830011104
PBI KM 46|830070016
PC ALLERONA|830090267
PC ANZOLA-LAVINO|830005259
PC ASCIONE|830090268
PC BASSANO|830090269
PC CAMPITELLO|830090270
PC CANARO|830005709
PC CAPENA|830090271
PC CECCANO|830008992
PC CIVITELLA DI AGLIANO|830090275
PC CITERNA TARO|830090257
PC DOLCE'|830002053
PC FLERES|830002002
PC FREJUS|830090278
PC GALLESE|830090273
PC GROTTI|830009120
PC GAGGIANO|830001102
PC MEANA|830000207
PC MELEGNANO|830001551
PC MONTALLESE|830090245
PC MARCALLO|830001038
PC ORVIETO|830090274
PC PARMA-FONTANELLATO|830005252
PC PERSICETO NORD|830005002
PC PIACENZA|830005250
PC PIGNATARO|830009952
PC PRECEDENZE|830090264
PC RECETTO|830000763
PC RENACCI|830090246
PC RIGUTINO|830090247
PC RUBIERA|830005255
PC S.COSTANTINO|830002023
PC S.DONATO|830090276
PC SETTE BAGNI|830090277
PC SORDIO|830001626
PC SPINEA|830002561
PC TERME DI BRENNERO|830002004
PC TERRES FROIDES|830090248
PC TINDARI|830070009
PC VESUVIO|830009711
PEDASO|830007510
PEDEROBBA CAVASO POSSAGNO|830002567
PELLEZZANO|830009521
PENANGO|830000341
PERAROLO DI CADORE|830002553
PERCIANTI ARIANELLO|830009627
PERGINE|830002305
PERGOLA|830007060
PERI|830002052
PERTENGO|830000311
PERTOSA|830009914
PERUGIA|830007004
PERUGIA PONTE S.GIOVANNI|830007005
PERUGIA SILVESTRINI|830007018
PERUGIA UNIVERSITA'|830007017
PESARO|830007104
PESCANTINA|830002057
PESCARA|830007810
PESCARA PORTA NUOVA|830007811
PESCARA S.MARCO|830007812
PESCARA TRIBUNALE|830007019
PESCHIERA DEL GARDA|830002088
PESCIA|830006409
PESCINA|830008532
PESCOCANALE|830008863
PESCOLANCIANO-CHIAUCI|830008915
PESCOSANNITA FRAGNETO L'ABATE|830009507
PESSIONE|830000457
PETINA|830009901
PETROSINO STRASATTI|830012109
PETTENASCO|830000011
PETTORANO SUL GIZIO|830008901
PIACENZA|830005000
PIADENA|830001919
PIAN DEL MUGNONE|830006952
PIAN DI VENOLA|830005114
PIANA|830000876
PIANA BELLA MONTELIBRETTI|830008222
PIANA DEL SIGNORE|830012394
PIANEROTTOLO DI ARIANO|830009317
PIANFEI|830000903
PIANIBBIE|830007990
PIANO CARBONE|830090284
PIANO D'ORTA BOLOGNANO|830007714
PIANO ORIZZONTALE DEI GIOVI|830004216
PIANORO|830005131
PIANZANO|830002705
PIAZZA AL SERCHIO|830006325
PIAZZA AMEDEO|830009106
PIAZZA CAVOUR|830009108
PICERNO|830009833
PIEDIMONTE-VILLA S.LUCIA-AQUINO|830008676
PIEDIMULERA|830000003
PIETRA LIGURE|830004520
PIETRABISSARA|830004209
PIETRAGALLA|830011213
PIETRAPAOLA|830011816
PIETRARSA|830009801
PIETRASANTA|830006012
PIETRELCINA|830009508
PIEVE ALBIGNOLA|830000402
PIEVE LIGURE|830004711
PIEVE VERGONTE|830000004
PIEVETTA|830000922
PIGNATARO MAGGIORE|830009207
PINAROLO PO|830001931
PINEROLO|830000517
PINEROLO OLIMPICA|830000082
PINETO|830077775
PINETO ATRI|830007806
PINZANO|830003055
PIOLTELLO LIMITO|830001703
PIOMBINO|830006770
PIOMBINO BINARI PORTO VECCHIO|830006772
PIOMBINO DESE|830002509
PIOMBINO MARITTIMA|830006775
PIONA|830001406
PIOPPE DI SALVARO|830005106
PIOVE DI SACCO|830027520
PIRAINETO|830012125
PISA BINARI AEROPORTO|830006450
PISA CENTRALE|830006500
PISA S. ROSSORE T.|830006496
PISA SAN ROSSORE|830006501
PISA/BIN FMCAMP|830006497
PISCINA DI PINEROLO|830000515
PISCIOLO|830009625
PISCIOTTA PALINURO|830011712
PISTICCI|830011459
PISTOIA|830006414
PISTOIA OVEST|830005123
PITECCIO|830005116
PIZZIGHETTONE|830001911
PIZZO|830011753
PJ FIDENZA|830005251
PJ MODENA EST|830005258
PJ MODENA OVEST|830005256
PJ PARMA|830005260
PJ PIACENZA EST|830001554
PJ PIACENZA OVEST|830001553
PLAUS|830002212
PLOAGHE|830012816
PM 228|830007244
PM ALICE|830000762
PM ALSENO|830005008
PM ANAGNI|830008991
PM BOLOGNINA|830005315
PM CAGIONI|830095001
PM CAMERI|830090295
PM CIGLIANO|830000761
PM CERVARO|830021221
PM FIRENZE OSMANNORO|830006600
PM GALLERIA FOSSATO|830090254
PM GRONDOLA-GUINADI|830006162
PM GROTTALUPARA|830070008
PM IDICE|830005273
PM KM 11.959|830090256
PM KM. 5.420|830090255
PM LABICO|830008990
PM LESINA|830011030
PM LIVRAGA|830001552
PM MIRANDOLA OZZANO|830005051
PM NORD ROMA SM.|830090651
PM OLMO|830006926
PM OVEST|830009997
PM ORCIANO|830006019
PM PANICALE S.FATUCCHIO|830006924
PM PANTANO|830070007
PM REGGIO EMILIA|830005253
PM RIGUTINO FRASSINETO|830006919
PM RIPALTA|830011022
PM ROVEZZANO|830006928
PM RHO FIERA|830001171
PM RHO FIERA DEV|830001100
PM S.ANGELO|830008994
PM S.GIOVANNI|830008993
PM S.NICOLA|830090259
PM S.ORESTE|830090279
PM S.P. SIEVE|830005275
PM SALARIO ROMA SM.|830008238
PM SALONE|830008989
PM SANTOMARCO|830090261
PM STRONCONE|830090375
PM TAVERNELLE EMILIA|830005322
PM TEATINO|830090262
PM TIERA|830011218
PM TORA-PICCILLI|830009951
PM TORRICCHIO|830009717
PM TRAINITI|830011787
PM TRECCA|830001043
PM VAT|830090263
PM/PDE S.PEL.|830005298
POCAPAGLIA|830000842
POGGIBONSI|830006805
POGGIO FIDONI|830007428
POGGIO IMPERIALE|830011023
POGGIO MIRTETO|830008213
POGGIO RENATICO|830005720
POGGIO RUSCO|830005308
POGGIO-CAREGGINE-VAGLI|830006323
POGGIORSINI|830011305
POGGIRIDENTI-TRESIVIO-PIATEDA|830001433
POGLIOLA|830000904
POLESELLA|830005708
POLICASTRO BUSSENTINO|830011718
POLICORO TURSI|830011802
POLIGNANO A MARE|830011128
POLLA|830009903
POLLENZA|830007305
POLLINA|830012021
POMBIA|830001125
POMEZIA-S.PALOMBA|830008601
POMPEI|830009810
PONT CANAVESE|830000890
PONT S.MARTIN|830000149
PONTASSIEVE|830006904
PONTE A ELSA|830006800
PONTE A MORIANO|830006312
PONTE A TRESSA|830006869
PONTE ALBANITO|830009325
PONTE CASALDUNI|830009309
PONTE D'ADDA|830001912
PONTE D'ADIGE|830002225
PONTE DELLA VENTURINA|830005111
PONTE DI BRENTA|830002585
PONTE DI PIAVE|830002763
PONTE GALERIA|830008403
PONTE GARDENA|830002020
PONTE GINORI|830006752
PONTE IN VALTELLINA|830001434
PONTE NELLE ALPI POLPET|830002558
PONTE PARRANO DI NOCERA UMBRA|830007233
PONTE S.CONO|830009837
PONTE S.MARCO-CALCINATO|830002082
PONTE S.PIETRO|830001528
PONTE TANARO LATO AL|830000080
PONTEBBA|830003010
PONTECAGNANO|830009821
PONTECCHIO MARCONI|830005103
PONTECURONE|830001809
PONTEDERA CASCIANA TERME|830006506
PONTELAGOSCURO|830005711
PONTELANDOLFO|830009504
PONTENURE|830005005
PONTETTO|830004710
PONTI|830000871
PONTICINO|830006913
PONTIDA|830001526
PONTREMOLI|830006163
PONZANA|830000247
PONZANO MAGRA|830006200
POPOLANO|830006620
POPOLI VITTORITO|830007703
POPULONIA|830006773
PORCARI|830006406
PORDENONE|830002701
PORRETTA  TERME|830005110
PORTACOMARO|830000344
PORTICI-ERCOLANO|830009802
PORTIERE STELLA|830012248
PORTO CERESIO|830001200
PORTO D'ASCOLI|830007514
PORTO DI VASTO|830007822
PORTO EMPEDOCLE|830012214
PORTO RECANATI|830007504
PORTO S.ELPIDIO|830007507
PORTO S.GIORGIO FERMO|830007508
PORTO TORRES|830012802
PORTO TORRES MARITTIMA|830012818
PORTO VALTRAVAGLIA|830001116
PORTO VARALLO POMBIA|830001124
PORTOGRUARO CAORLE|830003200
PORTOMAGGIORE|830005802
POSSIDENTE|830011220
POSTIOMA|830002601
POSTO VALLONE|830008496
POTENZA CENTRALE|830011420
POTENZA MACCHIA ROMANA|830011221
POTENZA PICENA MONTELUPONE|830007505
POTENZA SUPERIORE|830011217
POVE DEL GRAPPA CAMPESE|830002505
POVO|830002302
POZZALLO|830012420
POZZOLO FORMIGARO|830004330
POZZUOLI SOLFATARA|830009101
PP CHIESACCIA|830006010
PP CORVI|830004118
PP OSTERIAZZA|830006014
PP S.LORENZO|830004120
PRACCHIA|830005113
PRAJA AJETA TORTORA|830011725
PRAMAGGIORE|830002768
PRASCO CREMOLINO|830004101
PRATA CAMPORTACCIO|830001418
PRATA PRATOLA|830009513
PRATIGNONE|830006423
PRATO BORGONUOVO|830006426
PRATO CENTRALE|830006416
PRATO PORTA AL SERRAGLIO|830006422
PRATO SESIA|830000108
PRATO TIRES|830002024
PRATOLA PELIGNA|830007700
PRATOLA PELIGNA SUPERIORE|830007601
PRE' SAINT DIDIER|830000130
PREDOSA|830004003
PREGANZIOL|830002715
PREGNANA M.|830001058
PREMOSELLO CHIOVENDA|830001009
PREZZA|830008536
PRIMOLANO|830002319
PRIOLA|830000923
PRIOLO MELILLI|830012347
PRIOLO SOPRANO|830012393
PRIOLO SOTTANO|830090297
PRIVERNO FOSSANOVA|830008604
PROSECCO|830003551
PUNTA RAISI|830012133
PADERNO DUGNANO|830025013
PALAZZOLO MILANESE|830025014
PALERMO TUTTE STZ|830012792
PANAREA PORTO|830086696
PDE BRENTANA|830005286
PDE BRENZONE|830005285
PDE CARDINI|830005295
PDE CARLONE|830005294
PDE CASTELVECC.|830005283
PDE DIATERNA|830005284
PDE FIRENZUOLA|830005292
PDE GINORI|830005297
PDE LAURINZIANO|830005278
PDE MARZANO|830005290
PDE MONTE BIBELE|830005281
PDE MONTECALVO|830005276
PDE OSTERIA|830005282
PDE OSTETO|830005289
PDE QUINZANO|830005280
PDE RIO DEI CANI|830005279
PDE RIOSTO|830005277
PDE ROVIGO|830005288
PDE S.GIORGIO|830005291
PDE SIEVE|830005293
PDE VAGLIA|830005296
PDE SAVENA|830005299
PEGOGNAGA|830032302
PERCA|830002018
PERTOSA (CENTRO)|830060090
PERUGIA CAPITINI|830007020
PESCHICI|830098150
PIANA DI MONTE VERNA|830052011
PIEDIMONTE-VILLA S.|830008670
PIETRATAGLIATA|830003033
PIEVE EMANUELE|830001104
PINO CONFINE|830013966
PINO-TRONZANO|830001110
PINZANO (CENTRO)|830060026
PISA TUTTE STZ|830006993
PISTICCI A.L.|830054014
PONTE S.STEFANO|830012005
PONTE SCHIAVO|830012060
PONTE DI NONA|830013705
PONTELAMBRO-CASTELMARTE|830025042
PONTELATONE|830052003
PONTEPERARIA|830060082
POPPI|830034106
PORRENA|830034107
PORTO EMPEDOCLE SUC.|830012618
POTENZA SUPERIORE (S|830091033
POTENZA SUPERIORE (P|830060084
POTENZA UNIV.|830011001
POZZUOLO MARTESANA|830001722
PRADIPOZZO|830060063
PRATOVECCHIO|830006072
PRATOVECCHIO STIA|830034108
PREGLIA|830001002
PUGLIA CECIL.|830006085
QUADRI-BORELLO|830007996
QUADRIVIO TALIEDO|830001056
QUADRIVIO TORBELLA|830004114
QUADRIVIO ZAPPATA|830000024
QUARONA|830000102
QUART|830000138
QUARTO D'ALTINO|830002670
QUARTO DI MARANO|830009111
QUATTRO VENTI|830008005
QUATTRO VILLE S.|830005262
QUERCIANELLA|830006728
QUERO VAS|830002565
QUILIANO VADO|830004527
QUINCINETTO|830000150
QUADRIVIA TORTORELLA|830090380
QUARTESANA|830033003
QUATTRO VILLE|830005268
QUISTELLO|830032304
RACALMUTO|830012373
RACCONIGI|830000602
RADDUSA AGIRA|830012241
RAGUSA|830012414
RAGUSA IBLA|830012416
RAIANO|830007600
RANDAZZO|830012365
RAPALLO|830004720
RAPOLANO TERME|830006850
RAPOLLA-LAVELLO|830011301
RAPONE RUVO S.FELE|830009621
RASTIGNANO|830005138
RAVENNA|830005811
RECALE|830009302
RECCO|830004714
REDIPUGLIA|830003308
REGGIO CAL.(T.STAZ.)|830011998
REGGIO CALABRIA CENTRALE|830011781
REGGIO CALABRIA LIDO|830011780
REGGIO CALABRIA MARITTIMA|830011782
REGGIO DI CALABRIA ARCHI|830011778
REGGIO DI CALABRIA BOCALE|830011866
REGGIO DI CALABRIA CATONA|830011776
REGGIO DI CALABRIA GALLICO|830011777
REGGIO DI CALABRIA OMECA|830011873
REGGIO DI CALABRIA PELLARO|830011867
REGGIO DI CALABRIA S.CATERINA|830011779
REGGIO DI CALABRIA S.GREGORIO|830011868
REGGIO EMILIA|830005023
REGGIO EMILIA AV|830005254
REGOLEDO|830001410
REMEDELLO SOPRA|830001845
REMEDELLO SOTTO|830001846
RENATE-VEDUGGIO|830001489
RESANA|830002508
REVERE|830005305
REVERE SCALO|830005306
REVIGLIONE DI SOMMA VESUVIANA|830009762
REZZATO|830002080
RHO|830001037
RIACE|830011845
RIARDO|830009204
RICADI|830011761
RICCIONE|830007101
RIDOTTI-COLLEPIANO|830008869
RIETI|830007405
RIGNANO GARGANICO|830011028
RIGNANO SULL'ARNO REGGELLO|830006906
RIGOLI|830006401
RIGOMAGNO|830006851
RIGOROSO|830004208
RIMINI|830005071
RIMINI MIRAMARE|830007100
RIMINI TORRE PEDRERA|830005819
RIMINI VISERBA|830005820
RIMINIFIERA|830005070
RIO DI PUSTERIA|830002102
RIO SECCO|830004004
RIOFREDDO|830008517
RIOLA|830005108
RIOMAGGIORE|830004736
RIONERO ATELLA RIPACANDITA|830011209
RIPABOTTONI S.ELIA|830009463
RIPAFRATTA|830006402
RIPARBELLA|830006750
RISANO|830003120
RIVA TRIGOSO|830004726
RIVALTA SCRIVIA|830004331
RIVISONDOLI-PESCOCOSTANZO|830008905
ROBBIO|830000272
ROBECCO-PONTEVICO|830001904
ROBILANTE|830000615
ROCCA D'EVANDRO|830009200
ROCCA D'EVANDRO DEV. DIRAMAZIONE AV|830009198
ROCCA DI CORNO|830007410
ROCCA DI FONDI|830007409
ROCCA IMPERIALE|830011804
ROCCA RAVINDOLA|830009058
ROCCABERNARDA|830011828
ROCCACIGLIE'|830000740
ROCCADEBALDI|830000905
ROCCAGRIMALDA|830004006
ROCCALUMERA MANDANICI|830012312
ROCCAMURATA|830006159
ROCCAPALUMBA-ALIA|830012204
ROCCARASO|830008906
ROCCASECCA|830008668
ROCCASTRADA|830006823
ROCCAVALDINA|830012046
ROCCAVIONE|830000614
ROCCAVIVI|830008867
ROCCELLA JONICA|830011847
ROCCHETTA CAIRO|830000878
ROCCHETTA S.ANTONIO-LACEDONIA|830011205
ROCCHETTA TANARO-CERRO|830000466
RODALLO|830000159
ROGLIANO SERRA|830082816
ROGOLO|830001423
ROLO NOVI FABBRICO|830002346
ROMA AURELIA|830008025
ROMA BALDUINA|830008325
ROMA CASILINA|830008674
ROMA MONTE MARIO|830008322
ROMA NOMENTANA LL|839999996
ROMA NOMENTANA LM|830008224
ROMA OSTIENSE|830008406
ROMA PRENESTINA|830008500
ROMA S.FILIPPO NERI|830008328
ROMA S.LORENZO|830008218
ROMA S.PIETRO|830008323
ROMA SM.|830008219
ROMA TERMINI|830008409
ROMA TERMINI MAV|830008987
ROMA TIBURTINA|830008217
ROMA TIBURTINA PIAZZALE EST|839999997
ROMA TRASTEVERE|830008405
ROMA TUSCOLANA|830008408
ROMAGNANO SESIA|830000109
ROMAGNANO-VIETRI-SALVITELLE|830009829
ROMANO|830001711
ROMANORE|830002337
ROMETTA MESSINESE|830012049
RONCANOVA DI GAZZO V|830005303
RONCEGNO BAGNI-MARTER|830002312
RONCHI DEI LEGIONARI NORD|830003309
RONCHI DEI LEGIONARI SUD|830003212
RONCIGLIONE|830008109
RONCO SCRIVIA|830004211
RONTA|830006606
ROSA'|830002521
ROSARNO|830011765
ROSETO CAPO SPULICO|830011806
ROSETO DEGLI ABRUZZI|830007804
ROSIGNANO|830006730
ROSOLINA|830005424
ROSOLINI|830012422
ROSSANO|830011813
ROSSANO VENETO|830002522
ROSSIGLIONE|830004104
ROSTA|830000215
ROTTOFRENO|830001950
ROVASENDA|830000053
ROVASENDA ALTA|830000056
ROVATO|830001714
ROVERBELLA|830002333
ROVERETO|830002044
ROVETO BIMMISCA|830012442
ROVIANO|830008515
ROVIGLIANO|830009763
ROVIGO|830005706
RUBIERA|830005031
RUDALZA|830012895
RUDERI DI SIBILLA|830008819
RUFINA|830006703
RUSSI|830005903
RUTINO|830011707
RASSINA|830034104
REGG.EM TUTTE STZ|830013550
REGGIO CAL. AEROP.|830013704
REMANZACCO|830027406
RESCALDINA|830025622
RESIUTTA|830003014
RHO FIERA MILANO|830001039
RIGOLA STADIO|830000084
RIMINI TUTTE STZ|830005998
RIVAROLO CANAVESE|830000884
ROCCAPIETRA|830000101
ROCCELLA|830012032
ROMA TUTTE STZ|830008349
ROMENO|830080211
RONZONE-BELVEDERE|830080212
ROTONDI-PAOLISI|830039016
ROVERETO-S.V.-M.|830033005
RUSTIGNE'|830002764
S. ANGELO IN FORMIS|830052013
S. BENEDETTO PO|830032303
S. BENIGNO CANAVESE|830000881
S. EUSANIO DEL SANGRO|830007989
S. FELICE A CAN.|830039018
S. GIULIANO D'AREZZO|830006065
S. GIORGIO IN BOSCO|830082818
S. IORIO|830052005
S. MAURIZIO CANAVESE STAZ|830077001
S. MAURO|830054403
S. MAMA|830006079
S. MARCO|830052001
S. MARIA A VICO|830039020
S. MARZANOTTO|830000345
S. ROCCO MANTOV.|830032315
S. VITO CHIETINO|830007985
S.AGAPITO LONGANO|830009054
S.AGATA DI MILITELLO|830012027
S.AGATA SUL SANTERNO|830005954
S.ALESSIO SICULO FORZA D'AGRO'|830012315
S.AMBROGIO|830000213
S.ANDREA DELL'JONIO|830011840
S.ANGELO CINIGIANO|830006819
S.ANGELO DEI LOMBARDI|830009615
S.ANNA|830012897
S.ANNA DI CHIOGGIA|830005426
S.ANNA ROBELLA|830000434
S.ANTIMO-S.ARPINO|830009007
S.ANTONINO DI SALUGGIA|830000236
S.ANTONINO VAIE|830000211
S.ANTONIO MANTOVANO|830002334
S.ARCANGELO DI ROMAGNA|830005069
S.BENEDETTO DEL TRONTO|830007513
S.BENEDETTO SAMBRO-CASTIGLIONE-P.|830005134
S.BENIGNO DI CUNEO|830000609
S.BIAGIO|830005805
S.BIAGIO DI CALLALTA|830002761
S.BONIFACIO|830002440
S.CANDIDO|830002114
S.CASSIANO|830006612
S.CASSIANO VALCHIAVENNA|830001401
S.CATALDO|830012382
S.CATERINA DELL'JONIO|830011842
S.CLAUDIO|830007312
S.CRISTINA E BISSONE|830001866
S.CRISTOFORO AL LAGO-ISCHIA|830002306
S.CROCE DEL LAGO|830002735
S.CROCE DEL SANNIO|830009502
S.DAMIANO D'ASTI|830000461
S.DEMETRIO DE' VESTINI|830007418
S.DOMENICA|830011786
S.DONA' DI PIAVE|830002666
S.DONATO MILANESE|830001831
S.DONNINO BADS.DONNINO BADIA|830006514
S.ELENA-ESTE|830005704
S.ELLERO|830006905
S.EUFEMIA DI BRISIGHELLA|830006615
S.EUROSIA|830008739
S.FELICE SUL PANARO|830005313
S.FERDINANDO|830070015
S.FILIPPO|830007557
S.FILIPPO-S.LUCIA|830012044
S.FLAVIA|830012009
S.FREDIANO A SETTIMO|830006504
S.GAVINO|830012882
S.GENNARO|830008736
S.GERMANO VERCELLESE|830000243
S.GIACOMO|830004005
S.GIACOMO DI SPOLETO|830007220
S.GIACOMO DI TEGLIO|830001436
S.GIORGIO|830012034
S.GIORGIO CASALE|830000336
S.GIORGIO DELLE PERTICHE|830002526
S.GIORGIO DI NOGARO|830003205
S.GIORGIO DI PIANO|830005723
S.GIORGIO DI SASSARI|830012805
S.GIOVANNI|830012804
S.GIOVANNI AL NATISONE|830003031
S.GIOVANNI D'ASSO|830006816
S.GIOVANNI DI CASARSA|830003199
S.GIOVANNI IN CROCE|830001849
S.GIOVANNI IN PERSICETO|830005319
S.GIOVANNI VALDARNO|830006909
S.GIULETTA|830001943
S.GIULIANO DEL SANNIO|830009500
S.GIULIANO MILANESE|830001821
S.GIULIANO PIACENTINO|830001961
S.GIULIANO PIEMONTE|830001941
S.GIULIANO TERME|830006400
S.GIUSEPPE DI CAIRO|830004805
S.GIUSEPPE VESUVIANO|830009752
S.GIUSTINA CESIO|830002562
S.ILARIO|830005021
S.LAZZARO DI S.|830005049
S.LEONARDO DI CUTRO|830011827
S.LIBERATO|830007235
S.LORENZO COLLI|830012132
S.LORENZO LO VECCHIO|830012443
S.LORENZO MAGGIORE|830009308
S.LORENZO S.|830002106
S.LUCE|830006023
S.LUCIDO MARINA|830011740
S.LORENZO|830002016
S.MARCELLINO FRIGNANO|830009005
S.MARCO D'ALUNZIO-TORRENOVA|830012028
S.MARCO ROGGIANO|830011904
S.MARGHERITA LIGURE PORTOFINO|830004718
S.MARIA CAPUA VETERE|830009209
S.MARIA COLLE SERRA|830009531
S.MARIA DELLE MOLE|830008738
S.MARIA DI CATANZARO|830011957
S.MARIA LA BRUNA|830009804
S.MARIA LA LONGA|830003121
S.MARIA OLIVETO|830009059
S.MARIE|830008521
S.MARINELLA|830008015
S.MARINO|830002501
S.MARTINO AL CIMINO|830008307
S.MARTINO BUON ALBERGO|830002435
S.MARTINO CAVA|830001804
S.MARTINO DI LUPARI|830002536
S.MARTINO IN GATTARA|830006611
S.MARTINO IN PENSILIS|830009468
S.MARTINO PIANA|830012252
S.MAURO LA BRUCA|830011714
S.MICHELE DI SERINO|830009523
S.MICHELE IN BOSCO|830001924
S.MINIATO FUCECCHIO|830006509
S.MOMME'|830005118
S.MARTINO V.C.|830009014
S.NAZARIO|830002503
S.NICOLA ARCELLA|830011726
S.NICOLA DI MAZARA|830012111
S.NICOLA DI MELFI|830011300
S.NICOLA TONNARA|830012012
S.NICOLA VARCO DI EBOLI|830011700
S.NICOLO'|830001951
S.OLIVA|830012387
S.PAOLO|830012423
S.PAOLO SOLBRITO|830000463
S.PATRIZIO|830005951
S.PIERO A SIEVE|830006603
S.PIERRE|830000161
S.PIETRO A MAIDA|830011750
S.PIETRO A VICO|830006313
S.PIETRO AVELLANA-CAPRACOTTA|830008912
S.PIETRO BERBENNO|830001428
S.PIETRO IN CASALE|830005722
S.PIETRO IN GU'|830002531
S.PIETRO INFINE|830090574
S.PIETRO VERNOTICO|830011141
S.REMO|830004505
S.ROMANO-MONTOPOLI-S.CROCE|830006508
S.SEBASTIANO PO|830000420
S.SEVERA|830008016
S.SEVERINO MARCHE|830007303
S.SEVERO|830011025
S.SILVESTRO|830000173
S.SOSTENE|830011839
S.STEFANO BELBO|830000831
S.STEFANO DI CAMASTRA|830012024
S.STEFANO DI MAGRA|830006170
S.STEFANO LODIGIANO|830001829
S.STEFANO UDINESE|830003124
S.STINO DI LIVENZA|830002664
S.TERESA DI RIVA|830012314
S.TERESA LONGARINI|830012428
S.TOMMASO DEL PIANO|830009630
S.TROVASO|830002713
S.VINCENZO|830006030
S.VINCENZO VALLE ROVETO|830008855
S.VITO AL TAGLIAMENTO|830002660
S.VITO DEI NORMANNI|830011135
S.VITO LANCIANO|830007817
S.VITTORIA|830000822
S.VIOLA|830005321
S.ZENO FOLZANO|830001900
S.ZENONE AL LAMBRO|830001823
SACILE|830002703
SACILE S.LIBERALE|830003089
SAGRADO|830003307
SAIRANO|830000408
SAIRANO ZINASCO|830000400
SALA AL BARRO-GALBIATE|830001461
SALA CONSILINA|830009906
SALANDRA|830011457
SALBERTRAND|830000205
SALE LANGHE|830000743
SALEMI GIBELLINA|830012114
SALERNO|830009818
SALERNO IRNO|830009532
SALETTO|830002394
SALICETO|830000744
SALINE DI REGGIO|830011864
SALONE|830008502
SALONE DEV. DIRAMAZI|830008988
SALORNO|830002034
SALSOMAGGIORE TERME|830005090
SALUGGIA|830000235
SALUSSOLA|830000074
SALUZZO|830000547
SALZA IRPINA|830009600
SALZANO ROBEGANO|830002511
SAMASSI SERRENTI|830012885
SAMOGGIA|830005039
SAMOLACO|830001402
SAMPIERI|830012419
SANDIGLIANO|830000072
SANFRE'|830000731
SANGIANO|830001140
SANGINETO|830011733
SANGUINETTO|830002384
SANLURI STATO|830012883
SANNAZZARO|830000403
SANNICANDRO DI BARI|830011503
SANT'ORSOLA|830012806
SANTERAMO|830011310
SANTHIA'|830000240
SANTOPADRE|830008866
SANTUARIO|830004802
SANTUARIO INCORONATA|830011201
SANZANO OCCHINO|830009629
SAPRI|830011721
SARMATO|830001949
SARNO|830009702
SARRE|830000136
SARTIRANA|830000038
SARZANA|830006007
SASSA TORNIMPARTE|830007413
SASSANO TEGGIANO|830009907
SASSARI|830012807
SASSINORO|830009525
SASSO MARCONI|830005104
SASSOFERRATO ARCEVIA|830007063
SASSONE|830008712
SAVIGLIANO|830000604
SAVIGNANO GRECI|830009318
SAVIGNANO SUL RUBICONE|830005068
SAVONA|830004801
SAVONA MARITTIMA|830004800
SAVONA PARCO DORIA|830004806
SCAFA S.VALENTINO-CARAMANICO TERME|830007707
SCAFATI|830009811
SCALA DI GIOCCA|830012814
SCALEA S.DOMENICA TALAO|830011727
SCALENGHE|830000540
SCALETTA ZANCLEA|830012309
SCAMBIO TORRE PELLIC|830000057
SCANZANO BELFIORE|830007216
SCANZANO JONICO-MONTALBANO JONICO|830011801
SCARLINO|830006035
SCERNE DI PINETO|830007805
SCHIO|830002140
SCIARA-ALIMINUSA|830012201
SCICLI|830012418
SCILLA|830011772
SCOPETI|830006704
SCORCETOLI|830006164
SCORDIA|830012278
SCURCOLA MARSICANA|830008524
SECUGNAGO|830001826
SEDICO BRIBANO|830002560
SEG CONF S.VIOLA|830005266
SEGESTA TEMPIO|830012152
SEGGIO|830012229
SEGNALE DI CONFINE B/PC SGURGOLA|830070014
SEGNALE DI CONFINE BIANZE'|830000768
SEGNALE DI CONFINE CASERTA|830009196
SEGNALE DI CONFINE GRICIGNANO|830009955
SEGNALE DI CONFINE LAVINO|830005263
SEGNALE DI CONFINE MELEGNANO|830001550
SEGNALE DI CONFINE N|830009989
SEGNALE DI CONFINE NOVARA OVEST|830000767
SEGNALE DI CONFINE PIACENZA EST|830001558
SEGNALE DI CONFINE PIACENZA OVEST|830001555
SEGNALE DI CONFINE ROCCA D'EVANDRO|830009197
SEGNALE DI CONFINE ROMA PRENESTINA|830008986
SEGNALE DI CONFINE S|830008996
SEGNALE DI CONFINE STURA|830000766
SEGRATE|830001715
SELLA DI CORNO|830007411
SELLIA MARINA|830011831
SELVA DEL BOCCHETTO|830006155
SENALES|830002210
SENIGALLIA|830007108
SEPINO|830009501
SEREGNO|830001318
SERENISSIMA|830008514
SERIATE|830001533
SERINO|830009515
SERRA S.QUIRICO|830007205
SERRADIFALCO|830012383
SERRALUNGA CERESETO|830000338
SERRAMANNA NURAMINIS|830012886
SERRAVALLE|830002048
SERRAVALLE D'ASTI|830000431
SERRAVALLE PISTOIESE|830006413
SERRAVALLE SCRIVIA|830004206
SERRE DI RAPOLANO|830006857
SESSA AURUNCA-ROCCAMONFINA|830009000
SESSANO DEL MOLISE|830008917
SESTO CALENDE|830001026
SESTO CAMPANO|830009062
SESTO FIORENTINO|830006418
SESTO S.GIOVANNI|830001325
SESTRI LEVANTE|830004725
SETTE BAGNI|830008216
SETTEQUERCE|830002224
SETTIME CINAGLIO MOMBARONE|830000430
SETTIMO|830000229
SETTIMO TAVAGNASCO|830000151
SETTINGIANO|830011954
SEVEGLIANO|830003151
SEZZADIO|830000862
SEZZE ROMANO|830008609
SFERRO|830012246
SGURGOLA|830008659
SIBARI|830011811
SICIGNANO DEGLI ALBURNI|830009827
SIDERNO|830011850
SIECI|830006903
SIENA|830006809
SIENA ZONA INDUSTRIALE|830006867
SIGNA|830006513
SILANDRO|830002205
SILIQUA|830012954
SILLA|830005109
SILLAVENGO|830000978
SILVI|830007807
SIMERI CRICHI|830011832
SINALUNGA|830006852
SIPICCIANO|830008300
SIPICCIANO S.NICOLA|830008326
SIPONTO|830011056
SIRACUSA|830012349
SIRACUSA M.|830012351
SISTIANA|830003312
SIZZANO|830000111
SLUDERNO-GLORENZA|830002201
SOFFRATTA|830002732
SOLAGNA|830002504
SOLAROLO|830005900
SOLARUSSA|830012876
SOLERO|830000469
SOLIERA MODENESE|830002351
SOLIGNANO|830006156
SOLOFRA|830009516
SOLOPACA|830009307
SOMMA LOMBARDO|830001028
SOMMACAMPAGNA-SONA|830002094
SOMMARIVA BOSCO|830000730
SONDRIO|830001430
SORA|830008857
SORESINA|830001607
SORGENTI DEL PESCHIERA|830007434
SORI|830004712
SOVERATO|830011837
SPADAFORA-S.MARTINO|830013834
SPAGNUOLA|830012106
SPARAGOGNA|830012243
SPARANISE|830009206
SPARTIMENTO DI SCISCIANO|830009761
SPELLO|830007010
SPEZZANO ALBANESE TERME|830011901
SPIGNO|830000874
SPINAZZOLA|830011304
SPINETOLI COLLI|830007552
SPINETOLI VILLA S. PIO X|830007022
SPINETTA|830001940
SPOLETO|830007221
SPONDIGNA-PRATO VENOSTA|830002202
SPOTORNO NOLI|830004526
SPRESIANO|830002709
SQUILLACE|830011835
SQUINZANO|830011142
ST.DALMAS DE TENDE|830075686
STAGGIA|830006807
STANGHELLA|830005705
STAZIONE PER L'ALPAGO|830002736
STAZZANO SERRAVALLE|830004303
STICCIANO|830006824
STIMIGLIANO|830008212
STRADA CASALE|830006617
STRADELLA|830001945
STRAMBINO|830000155
STRASSOLDO|830003150
STRESA|830001016
STREVI|830000866
STRIGNO|830002315
STRONCONE|830007400
STRONGOLI|830011822
SU CANALE|830012896
SULMONA|830008539
SULMONA-INTRODACQUA|830008900
SUNO|830000018
SURBO|830011144
SURBO FM|830011134
SUSA|830000260
SUSEGANA|830002708
SUZZARA|830002340
SACCONAGO|830001754
SALASSA-S.PONSO|830000886
SALERNO ARBOSTELLA|830013552
SALERNO MERCATELLO|830013551
SALERNO PASTENA|830009836
SALERNO STADIO ARECH|830009839
SALERNO TORRIONE|830009835
SALINA PORTO|830086694
SAN PAOLO|830012059
SANZENO|830080213
SARNONICO|830080215
SARONNO|830025119
SARONNO SUD|830025117
SCHIVENOGLIA|830032316
SCIARA A.|830012064
SEG CONF RENO O.|830005325
SEG. CONFINE RENO ES|830005326
SEG.CONF.BO S.R.|830005271
SEG.CONF.NA AFR|830009987
SEGCONF CF EST|830005265
SEGCONF FI CAST.|830006432
SEGN.CONFINE RHO|830001095
SERMIDE|830032306
SEVESO|830025021
SEVESO-BARUCCANA|830001929
SPADAFORA|830012048
SPINAZZOLA CITTA'|830011311
SPINEA|830002516
STELLATA FICAR.|830032320
STEZZANO|830001612
STROMBOLI PORTO|830086698
SUBBIANO|830034103
SUMMAGA|830020064
SUZZARA V.N.|830032314
TAGGIA ARMA|830004506
TAGLIACOZZO|830008522
TAINO ANGERA|830001122
TALAMONA|830001426
TALAMONE|830008002
TAORMINA|830012317
TARANTO|830011465
TARCENTO|830003022
TARGIA|830012353
TARQUINIA|830008009
TARSIA|830011903
TARVISIO BOSCOVERDE|830003001
TASSIGNANO|830006405
TAURASI|830009605
TAVAZZANO|830001824
TEANO|830009205
TEGLIO VENETO|830002662
TEL|830098142
TELESE CERRETO|830009326
TEMPIO DI VULCANO|830012217
TENDE|830075688
TERAMO|830007900
TERLANO-ANDRIANO|830002223
TERME EUGANEE-ABANO-MONTEGROTTO|830005701
TERME VIGLIATORE|830012040
TERMINI IMERESE|830012014
TERMOLI|830011019
TERNATE VARANO BORGHI|830001143
TERNI|830007226
TERNI COSPEA|830007430
TERNO|830001504
TERONTOLA CORTONA|830006922
TERRACINA|830008809
TERRAROSSA-TRESANA|830006167
TERRENOVE|830012108
TERRIA|830007425
TERZIGNO|830009753
TERZO MONTABONE|830000869
TEZZE DI GRIGNO|830002318
THIENE|830002143
THURIO|830011869
TIERA|830011216
TIONE DEGLI ABRUZZI|830007426
TIRANO|830001440
TISSI USINI|830012813
TITO|830009834
TIVOLI|830008508
TOCCO CASTIGLIONE|830007705
TOLENTINO|830007304
TOLLO CANOSA SANNITA|830007814
TOMBOLO|830006720
TOMMASO NATALE|830012131
TONCO ALFIANO|830000342
TOR SAPIENZA|830008501
TOR VERGATA|830008663
TORA PRESENZANO|830009202
TORANO LATTARICO|830011906
TORCHIARA|830011706
TORINO DI SANGRO PAG|830007820
TORINO DORA GTT|830082332
TORINO LINGOTTO|830000452
TORINO ORBASSANO FA|830090335
TORINO ORBASSANO FASCIO SUD|830000220
TORINO ORBASSANO FC|830000196
TORINO PORTA NUOVA|830000219
TORINO PORTA SUSA|830000222
TORINO S.PAOLO|830000223
TORINO SM. NORD|830000450
TORINO SM. SUD|830090336
TORINO STURA|830000228
TORRALBA|830012865
TORRAZZA PIEMONTE|830000234
TORRE ANNUNZIATA CENTRALE|830009806
TORRE ANNUNZIATA CITTA'|830009805
TORRE DE' PICENARDI|830001918
TORRE DEI PASSERI|830007706
TORRE DEL GRECO|830009803
TORRE DEL LAGO PUCCINI|830006015
TORRE DEL LAURO|830012053
TORRE IN PIETRA-PALIDORO|830008019
TORRE MELISSA|830011821
TORRE ORSAIA|830011717
TORRE PELLICE|830000524
TORRE S.GIORGIO|830000545
TORREBERETTI|830000039
TORREMEZZO DI FALCONARA|830011785
TORRENIERI|830006817
TORRICELLA|830007011
TORRICOLA|830008600
TORRILE S.POLO|830001853
TORRITA DI SIENA|830006854
TORTONA|830001810
TORTORETO LIDO|830007801
TORVISCOSA|830003206
TOSCANO|830011875
TRABIA|830012013
TRANI|830011112
TRAPANI|830012100
TRAPPA|830000925
TRAPPETO|830012123
TRAVEDONA BIANDRONNO|830001142
TRAVESIO|830003081
TRE CROCI|830008308
TREBASELEGHE|830002514
TREBISACCE|830011808
TRECATE|830000252
TRECELLA|830001706
TREMESTIERI|830012303
TRENTO|830002038
TRENTO RONCAFORT|830002036
TRENTO SCALO|830090342
TREPUZZI|830011143
TREQUANDA|830006815
TRESENDA-APRICA-TEGLIO|830001437
TREVI|830007218
TREVIGLIO|830001708
TREVIGLIO OVEST|830001601
TREVIGNANO SIGNORESSA|830002600
TREVISO CENTRALE|830002712
TREVISO PORTA S.QUARANTA|830002603
TREVISO SCALO MOTTA|830002711
TREZZANO SUL NAVIGLIO|830001065
TRICESIMO-S.PELAGIO|830003028
TRIESTE AQUILINIA|830003856
TRIESTE CAMPO MARZIO|830003471
TRIESTE CENTRALE|830003317
TRIESTE CENTRALE GRUPPO SC. BARCOLA|830003042
TRIESTE CENTRALE GRUPPO SC. GRETTA|830003043
TRIESTE CENTRALE GRUPPO SC. ROIANO|830003044
TRIESTE SERVOLA|830003854
TRINITA' BENE VAGIENNA|830000950
TRINITAPOLI-S.FERDINANDO DI PUGLIA|830011106
TRINO VERCELLESE|830000176
TRIPLO BIVIO BEVERARA|830005072
TRIPLO BIVIO SEVESO|830001049
TRIUGGIO-PONTE ALBIATE|830001485
TRIVIGNO|830011452
TROFARELLO|830000455
TROIA CASTELLUCCIO SAURI|830009322
TROMELLO|830000275
TRONZANO|830000239
TROPEA|830011760
TUFO|830009512
TUORO SUL TRASIMENO|830007000
TUSA|830012022
TUTURANO|830011140
TARVISIO CITTA'|830003002
TERRANOVA MONFERRATO|830000335
TORINO MADONNA DI CAMPAGNA|830000083
TORINO REB.FOSS.|830000060
TORINO TUTTE STZ|830000996
TORREGROTTA|830012061
TRACCIA|830009122
TRENTO S. CHIARA|830002003
TRENTO S.BARTOLAMEO|830002013
TRESIGALLO-COR.|830033013
TREVISO LAMARCA|830060037
TRIESTE AEROPORTO|830003213
TRIFLISCO|830052004
TUFARA VALLE|830039021
UD P.DEV.LAIPAC.|830020001
UD P.DEV.PRADAM.|830003020
UDINE|830003026
UDINE PARCO|830090346
UDINE PARCO SC. ESTR|830003038
UGOVIZZA VALBRUNA|830003006
UM1 PB 403-PROT. EST.|830009996
UM1 PB 704-PROT. EST.|830009995
URAS MOGORO|830012880
URBISAGLIA SFORZACOSTA|830007306
URURI ROTELLO|830009467
V. FABBRICHE|830080406
VADA|830006025
VADO LIGURE ZONA INDUSTRIALE|830004528
VAGLIA|830006602
VAGLIO BASILICATA|830011450
VAIANO|830005136
VAIO-OSPEDALE|830005011
VAIRANO|830009203
VALDAORA-ANTERSELVA|830002110
VALDIBRANA|830005117
VALENZA|830000041
VALLE AURELIA|830008332
VALLE DI MADDALONI|830009304
VALLE DI MERCATO S.SEVERINO|830009705
VALLE LOMELLINA|830000037
VALLECROSIA|830004502
VALLEDOLMO|830012231
VALLELUNGA|830012232
VALLO DELLA LUCANIA-CASTELNUOVO|830011709
VALMADONNA|830000042
VALMADRERA|830001463
VALMONTONE|830008656
VALTOPINA|830007214
VANDOIES|830002103
VANZAGO POGLIANO|830001036
VAPRIO D'AGOGNA|830000022
VARALLO POMBIA|830000982
VARALLO SESIA|830000100
VARANO|830007500
VARAZZE|830004531
VARENNA ESINO|830001411
VARESE|830001205
VARIGNANA|830005052
VASTO- S.SALVO|830007827
VASTOGIRARDI|830008913
VELLETRI|830008734
VENAFRO|830009060
VENETICO|830012047
VENEZIA ASSEGGIANO|830002513
VENEZIA CARPENEDO|830002672
VENEZIA MARGHERA SCALO|830002515
VENEZIA MARITTIMA|830002594
VENEZIA MESTRE|830002589
VENEZIA MESTRE SCALO|830090348
VENEZIA PORTO MARGHERA|830002592
VENEZIA S.LUCIA|830002593
VENOSA-MASCHITO|830011302
VENTIMIGLIA|830004501
VENTIMIGLIA PARCO ROJA|830004500
VENZONE|830003018
VERBANIA-PALLANZA|830001013
VERCEIA|830001404
VERCELLI|830000245
VERCURAGO S.GIROLAMO|830001523
VERDELLO DALMINE|830001600
VERGATO|830005107
VERGIATE|830001027
VERGNASCO|830000073
VERNANTE|830000616
VERNAZZA|830004733
VERNIO MONTEPIANO CANTAGALLO|830005135
VEROLANUOVA|830001903
VEROLENGO|830000170
VERONA CA' DI DAVID|830002061
VERONA PARONA|830002058
VERONA PORTA NUOVA|830002430
VERONA PORTA NUOVA SCALO|830090349
VERONA PORTA VESCOVO|830002433
VERONA QUADRANTE EUROPA|830002095
VERRES|830000145
VERZUOLO|830000701
VESPOLATE|830000031
VESPRI|830012135
VETRALLA|830008309
VEZZANO LIGURE|830006171
VIA CAMPANA|830090352
VIADANA BRESCIANA|830001842
VIAREGGIO|830006040
VIBO MARINA|830011754
VIBO VALENZIA PIZZO|830011789
VICARELLO|830006017
VICCHIO|830006700
VICENZA|830002446
VICO MATRINO|830008310
VICOFERTILE|830006150
VICOFORTE S.MICHELE|830000953
VICOVARO|830008511
VIDALENGO|830001709
VIETRI SUL MARE|830009817
VIEVOLA|830075689
VIGEVANO|830001061
VIGLIANO CANDELO|830000977
VIGLIANO D'ABRUZZO|830007412
VIGLIANO D'ASTI|830000802
VIGNA DI VALLE|830008316
VIGNALE|830000021
VIGNALE RIOTORTO|830006032
VIGNATE|830001704
VIGODARZERE|830002528
VIGONE|830000542
VIGONZA PIANIGA|830002586
VILLA BONELLI|830008414
VILLA CADE'|830005022
VILLA CASTELLI|830011608
VILLA CLAUDIA|830008713
VILLA DEL CONTE|830002523
VILLA DI TIRANO|830001439
VILLA LITERNO|830009003
VILLA OPICINA|830003468
VILLA RAVERIO|830001487
VILLA S. MARIA|830007995
VILLA S.GIOVANNI|830011774
VILLA S.GIOVANNI BOL|830090372
VILLA S.GIOVANNI CANNITELLO|830011773
VILLA S.GIOVANNI MARE|830011775
VILLA S.MICHELE|830008916
VILLA S.SEBASTIANO|830008523
VILLA VICENTINA|830003209
VILLABARTOLOMEA|830002367
VILLABASSA-BRAIES|830002112
VILLABATE|830012006
VILLADOSSOLA|830000001
VILLAFRANCA DI VERONA|830002331
VILLAFRANCA PIEMONTE|830000543
VILLAFRANCA TIRRENA|830012050
VILLAFRANCA-BAGNONE|830006166
VILLAFRANCA-CANTARANA|830000459
VILLALBA|830012233
VILLAMAGGIORE|830001802
VILLAMASSARGIA DOMUSNOVAS|830012952
VILLANOVA D'ARDA|830001962
VILLANOVA D'ARDENGHI|830000278
VILLANOVA D'ASTI|830000458
VILLANOVA DI REGGIOLO|830002345
VILLAPIANA LIDO|830011809
VILLAPIANA TORRE CERCHIARA|830011810
VILLAROSA|830012237
VILLASANTA|830001481
VILLASOR|830012887
VILLASPECIOSA UTA|830012956
VILLASTELLONE|830000600
VILLAVERLA MONTECCHIO|830002145
VILLAVERNIA|830004301
VILLAZZANO|830002300
VILLENEUVE|830000135
VILLETTA|830008711
VILLETTA MALAGNINO|830001916
VILLETTA S.ROMANO|830006322
VILPIANO-NALLES|830002222
VINCHIATURO|830009457
VIPITENO|830002006
VISANO|830001844
VISONE|830004100
VITERBO PORTA FIORENTINA|830008304
VITERBO PORTA ROMANA|830008306
VITTORIA|830012410
VITTORIO VENETO|830002733
VITTUONE ARLUNO|830001042
VITULANO FOGLIANISE|830009310
VITUSO|830012391
VIZZINI|830012273
VOGHERA|830001807
VOGOGNA OSSOLA|830001008
VOLTANA|830005807
VOLTERRA SALINE-POMARANCE|830006753
VRTOJBA|830003299
VRTOJBA DEVIATOIO MARK|830090151
VAL D`ALA|830008014
VALCESURA|830033014
VALDUGGIA|830000105
VALLAZZA-CARB.PO|830032318
VALPERGA|830000887
VAREDO|830025015
VARZO|830001001
VENARIA|830000085
VENEZIA TUTTE STZ|830002998
VERGINESE|830005197
VERSCIACO/VIERSCHACH|830002115
VIA CHIARI|830006064
VICIOMAGGIO|830080404
VIGARANO PIEVE|830032310
VILLA LONGO|830081209
VILLA ORTENSIA|830052002
VILLA SELVA|830005013
VILLANOVA-GROSSO|830000092
VOLPIANO|830000880
VULCANO PORTO|830086706
ZAGAROLO|830008652
ZAMBRA|830006425
ZAMBRONE|830011758
ZAPPULLA|830012029
ZINASCO NUOVO|830000401
ZOAGLI|830004721
ZERBINATE|830032319