ABANO TERME|S05700
ABBADIA LARIANA|S01416
ABBASANTA|S12873
ABBIATE GUAZZONE|S01728
ABBIATEGRASSO|S01062
ACATE|S12409
ACCIANO|S07423
ACERRA|S09215
ACIREALE|S12328
ACQUA ACETOSA|S08715
ACQUAFREDDA|S11722
ACQUAMELA|S09798
ACQUANEGRA CREMONESE|S01913
ACQUAPPESA|S11736
ACQUASPARTA|S07978
ACQUAVIVA CASTELTERMINI|S12209
ACQUAVIVA DELLE FONTI|S11504
ACQUEDOLCI-S.FRATELLO|S12026
ACQUI TERME|S00867
ACRI BISIGNANO LUZZI|S11907
ADELFIA|S13098
ADRIA|S05420
AFRICO NUOVO|S11872
AGLIANO CASTELNUOVO CALCEA|S00804
AGOGNATE|S00075
AGRIGENTO BASSA|S12213
AGRIGENTO CENTRALE|S12216
AGROPOLI CASTELLABATE|S11705
AIELLI|S08550
AIRASCA|S00514
AIROLE|S04481
AIRUNO|S01515
ALA|S02049
ALANNO|S07708
ALANO FENER VALDOBBIADENE|S02566
ALASSIO|S04515
ALBA|S00825
ALBA ADRIATICA-NERETO-CONTROGUERRA|S07800
ALBACINA|S07207
ALBAIRATE-VERMEZZO|S01059
ALBANO DI LUCANIA|S11453
ALBANO LAZIALE|S08704
ALBANO S.ALESSANDRO|S01534
ALBANOVA|S09004
ALBAREDO|S02538
ALBATE-TRECALLO|S01450
ALBENGA|S04516
ALBERESE|S08001
ALBERGO|S06067
ALBEROBELLO|S13126
ALBINIA|S08003
ALBISOLA|S04529
ALBIZZATE SOLBIATE ARNO|S01209
ALBONESE|S00033
ALBUZZANO|S01863
ALCAMO DIRAMAZIONE|S12150
ALCANTARA|S12320
ALESSANDRIA|S00470
ALESSANO CORSANO|S13192
ALEZIO|S13171
ALFEDENA-SCONTRONE|S08908
ALFONSINE|S05808
ALI' TERME|S12310
ALICE BELCOLLE|S00809
ALIFE|S09020
ALLERONA-CASTEL VISCARDO|S08202
ALPIGNANO|S00216
ALTAMURA|S11307
ALTARE|S04810
ALTAVILLA IRPINA|S09511
ALTAVILLA MILICIA|S12011
ALTAVILLA TAVERNELLE|S02444
ALTOPASCIO|S06407
ALVIANO|S08206
ALVIGNANO|S09023
AMANTEA|S11744
AMBIVERE MAPELLO|S01527
AMENDOLA|S11051
AMENDOLARA ORIOLO|S11807
AMOROSI MELIZZANO|S09306
ANAGNI-FIUGGI|S08658
ANCONA|S07113
ANCONA MARITTIMA|S07116
ANCONA STADIO|S07114
ANCONA TORRETTE|S07015
ANCONETTA|S02141
ANDORA|S04525
ANDRANO-CASTIGLIONE|S13188
ANFITEATRO|S09031
ANGRI|S09812
ANGUILLARA|S08318
ANNA'|S11870
ANNONE VENETO|S02769
ANTIGNANO|S06727
ANTRODOCO BORGO VELINO|S07408
ANTRODOCO CENTRO|S07435
ANVERSA-VILLALAGO-SCANNO|S08537
ANZANO DEL PARCO|S01453
ANZIO|S08709
ANZIO COLONIA|S08713
ANZOLA DELL'EMILIA|S05386
AOSTA|S00137
AOSTA ISTITUTO|S00143
AOSTA VIALE EUROPA|S00146
APICE S.ARCANGELO BONITO|S09314
APPIANO|S08328
APRICENA|S11024
APRICENA CITTA'|S11675
APRILIA|S08705
AQUILONIA|S09623
ARAGONA CALDARE|S12370
ARBIA|S06811
ARBOSTELLA|S09838
ARCE|S08861
ARCHI|S07992
ARCISATE|S01203
ARCOLA|S06006
ARCORE|S01510
ARDARA|S12817
ARDENNO MASINO|S01427
ARDORE|S11853
ARECHI|S09839
ARENA PO|S01947
ARENZANO|S04533
AREZZO|S06915
AREZZO CASELLO 1|S06086
AREZZO PESCAIOLA|S06063
ARGENTA|S05804
ARIANO IRPINO|S09316
ARONA|S01020
AROSIO|S01092
ARPAIA|S09017
ARPINO|S08859
ARQUA'|S05707
ARQUATA SCRIVIA|S04207
ARSOLI|S08516
ARTEGNA|S03021
ARTOGNE - GIANICO|S01779
ARVIER|S00134
ARZERGRANDE|S02841
ASCEA|S11711
ASCIANO|S06813
ASCIANO MONTE OLIVETO MAGGIORE|S06825
ASCOLI PICENO|S07550
ASCOLI SATRIANO|S11203
ASOLA|S01847
ASSEMINI|S12889
ASSEMINI CARMINE|S12809
ASSEMINI S.LUCIA|S12808
ASSISI|S07008
ASSO|S01101
ASTI|S00462
ATELETA|S07998
ATENA|S09904
ATTIGLIANO-BOMARZO|S08207
AUGUSTA|S12345
AULETTA|S09902
AULLA|S06168
AULLA LUNIGIANA|S06013
AURISINA|S03550
AVELLINO|S09514
AVERSA|S09006
AVEZZANO|S08526
AVIANO|S03087
AVIGLIANA|S00214
AVIGLIANO LUCANIA|S11214
AVIO|S02050
AVISE|S00133
AVOLA|S12426
BARI CENTRALE|S11119
BARI TORRE QUETTA|S11004
BOLOGNA CENTRALE|S05043
BA POLICLINICO|S11499
BACIANO|S06081
BADEN|S03118
BADESSE|S06826
BADIA POLESINE|S02370
BADOLATO|S11841
BAGGIOVARA OSPEDALE|S05186
BAGHERIA|S12008
BAGNACAVALLO|S05902
BAGNARA|S11770
BAGNARIA ARSA|S03123
BAGNASCO|S00921
BAGNI DI LUCCA|S06308
BAGNI DI TIVOLI|S08504
BAGNOLI AGNANO TERME|S09102
BAGNOLI IRPINO|S09613
BAGNOLO DEL SALENTO|S13196
BAGNOLO IN PIANO|S05946
BAGNOLO MELLA|S01901
BAIANO DI SPOLETO|S07224
BALANGERO|S00094
BALANZANO|S07964
BALATONFOELDVAR|S03418
BALATONLELLE|S03459
BALATONSZENTGYORGY|S03566
BALDICHIERI-TIGLIOLE|S00460
BALESTRATE|S12122
BALSORANO|S08856
BALVANO RICIGLIANO|S09830
BALZOLA|S00178
BANDITO|S00732
BARAGIANO-RUOTI|S09832
BARANELLO|S09458
BARASSO - COMERIO|S01741
BARBERINO DI VAL D'ELSA|S06806
BARBIANELLO|S01932
BARBIANO|S05905
BARBUSI|S12971
BARCELLONA-CASTROREALE|S12041
BARCO|S05929
BARDONECCHIA|S00202
BARGA GALLICANO|S06303
BARI CEGLIE-CARBONARA|S13094
BARI CENTRALE (FC)|S13201
BARI LA FITTA|S13095
BARI PALESE MACCHIE|S11118
BARI PARCO NORD|S11148
BARI PARCO NORD FASCIO TARANTO|S11149
BARI PARCO SUD|S11125
BARI S.ANDREA|S11513
BARI S.GIORGIO|S11150
BARI S.SPIRITO|S11116
BARI SUD EST|S13092
BARI TORRE A MARE|S11126
BARI VILLAGGIO DEL LAVORATORE|S11003
BARI ZONA INDUSTRIALE|S11120
BARICETTA|S05419
BARILE|S11208
BARLASSINA|S01926
BARLETTA|S11108
BARONISSI|S09520
BASCHI-MONTECCHIO|S08204
BASILIANO|S02832
BASSANO DEL GRAPPA|S02520
BASSANO IN TEVERINA|S08208
BASSANO ROMANO|S08312
BASTIA|S07007
BASTIA MONDOVI`|S00908
BATTAGLIA TERME|S05702
BATTIPAGLIA|S09823
BAULADU MILIS|S12875
BAVENO|S01015
BAZZANA|S00807
BAZZANO|S07436
BAZZANO (FER)|S05975
BEAULARD|S00203
BEFFI|S07422
BEINETTE|S00901
BELGIOIOSO|S01864
BELGIRATE|S01017
BELLA MURO|S09831
BELLANO TARTAVALLE TERME|S01409
BELLANTE RIPATTONE|S07902
BELLARIA|S05817
BELLAVISTA|S11512
BELLINZAGO|S00985
BELLINZONA|S00300
BELLISIO SOLFARE|S07061
BELLUNO|S02559
BELMONTE CALABRO|S11743
BELVEDERE MARITTIMO|S11732
BENEVENTO|S09311
BENEVENTO ACQUAFREDDA|S09472
BENEVENTO APPIA|S09011
BENEVENTO ARCO TRAIANO|S09530
BENEVENTO PORTA RUFINA|S09509
BENEVENTO RIONE LIBERTA'|S09012
BERCETO|S06158
BERCHIDDA|S12859
BERGAMASCO|S00838
BERGAMO|S01529
BERNALDA|S11460
BESANA|S01488
BESNATE|S01145
BESOZZO|S01141
BEURA CARDEZZA|S01007
BEVERA|S04482
BEVILACQUA|S02391
BIAGIONI LAGACCI|S05119
BIANCO|S11855
BIANZE'|S00238
BIANZONE|S01438
BIASSONO-LESMO PARCO|S01483
BIBBIANO|S05927
BIBBIANO VIA MONTI|S05926
BIBBIENA|S06076
BIBBIENA CORSALONE|S06077
BIBIANA|S00522
BICOCCA|S12338
BIELLA CHIAVAZZA|S00970
BIELLA S.PAOLO|S00070
BIFORCO|S06611
BISCEGLIE|S11113
BISTAGNO|S00870
BISUSCHIO-VIGGIU'|S01202
BITETTO PALO DEL COLLE|S11501
BITRITTO|S11252
BIVIO D'AURISINA|S03313
BOARIO TERME|S01778
BOCCIA AL MAURO|S09763
BOGLIASCO|S04709
BOIANO|S09453
BOJON|S02839
BOLGHERI|S06028
BOLLATE CENTRO|S01071
BOLLATE NORD|S01072
BOLOGNA BORGO PANIGALE|S05100
BOLOGNA C.LE/AV|S05046
BOLOGNA CORTICELLA|S05725
BOLOGNA FIERE|S05020
BOLOGNA MAZZINI|S05140
BOLOGNA RAVONE|S05042
BOLOGNA RIMESSE|S05989
BOLOGNA S.RUFFILLO|S05130
BOLOGNA S.VITALE|S05081
BOLOGNA VIA LARGA|S05991
BOLOGNA ZANARDI|S05086
BOLZANO|S02026
BOLZANO CASANOVA|S02059
BOLZANO NOVARESE|S00014
BOLZANO SUD|S02226
BOMBA TORRICELLA|S07993
BONASSOLA|S04730
BONDENO|S05165
BONEFRO S.CROCE|S09464
BONFERRARO|S02383
BONORVA|S12867
BORDIGHERA|S04503
BORETTO|S05963
BORGARO|S00086
BORGHETTO PARMENSE|S06100
BORGHETTO S.SPIRITO|S04518
BORGHETTO SULL'ADIGE|S02051
BORGIO VEREZZI|S04521
BORGO|S09526
BORGO A BUGGIANO|S06410
BORGO A MOZZANO|S06309
BORGO FORNARI PER VOLTAGGIO|S04214
BORGO LAVEZZARO|S00032
BORGO REVEL|S00171
BORGO S.DALMAZZO|S00613
BORGO S.LORENZO|S06604
BORGO S.LORENZO RIMORELLI|S06704
BORGO S.MARTINO|S00315
BORGO TICINO|S00981
BORGO VAL DI TARO|S06161
BORGO VALSUGANA CENTRO|S02313
BORGO VALSUGANA EST|S02314
BORGO VERCELLI|S00246
BORGOCHIESANUOVA|S02021
BORGOFORTE|S02338
BORGOFRANCO|S00152
BORGOLOMBARDO|S01830
BORGOMANERO|S00016
BORGONATO - ADRO|S01788
BORGONE|S00210
BORGONUOVO|S05152
BORGORATTO|S00860
BORGOSESIA|S00104
BORNATO - CALINO|S01789
BORORE|S12872
BOSCHI S.ANNA|S02390
BOSCO REDOLE|S09452
BOSCONERO|S00882
BOSCOREALE|S09754
BOTRICELLO|S11829
BOTTENICCO|S03057
BOVA MARINA|S11860
BOVALINO|S11854
BOVINO DELICETO|S09321
BOVISIO MASCIAGO|S01085
BOVOLONE|S02363
BOZZOLO|S01920
BRA|S00821
BRACCIANO|S08315
BRAGNO|S04803
BRANCALEONE|S11857
BRANDIZZO|S00231
BREIL SUR ROYA|S00622
BRENNA-ALZATE|S01452
BRENNERO|S02001
BRENO|S01005
BRESCIA|S01717
BRESCIA BORGO SAN GIOVANNI|S01797
BRESCIA EST PIAZZALE SUD|S01813
BRESCIA VIOLINO|S17451
BRESSANA ARGINE|S01930
BRESSANA BOTTARONE|S01805
BRESSANONE|S02014
BRIATICO|S11757
BRICHERASIO|S00521
BRINDISI|S11136
BRINDISI DI MONTAGNA|S11451
BRINDISI MARITTIMA|S11137
BRIONA|S00113
BRISIGHELLA|S06614
BROLO FICARRA|S12031
BRONI|S01944
BRONZOLO|S02030
BROZOLO|S00424
BRUNICO|S02107
BRUNICO NORD|S02060
BRUNO|S00837
BRUZOLO DI SUSA|S00209
BUCCINO S.GREGORIO MAGNO|S09828
BUCINE|S06911
BUDOIA POLCENIGO|S03088
BUDRIO|S05017
BUDRIO CENTRO|S05996
BUGNARA|S08538
BUONCONVENTO|S06874
BUONFORNELLO|S12016
BURONZO|S00054
BUSA DI VIGONZA|S02595
BUSALLA|S04215
BUSCA|S00704
BUSCHE LENTIAI MEL|S02563
BUSSETO|S01963
BUSSI|S07704
BUSSOLENO|S00208
BUSTO ARSIZIO|S01031
BUSTO ARSIZIO NORD|S01137
BUTTAFAVA|S01482
BUTTAPIETRA|S05301
BUTTRIO|S03029
Biv. Venezia|S05048
CABIATE|S01088
CADEO|S05006
CADORAGO|S01759
CAGLIARI|S12891
CAGLIARI ELMAS|S12890
CAIAZZO|S09025
CAIRO MONTENOTTE|S00879
CALA SABINA|S12851
CALALZO PIEVE CADORE CORTINA|S02550
CALAMANDRANA|S00833
CALATABIANO|S12321
CALATAFIMI|S12151
CALBENZANO|S06080
CALCERANICA|S02307
CALCIANO|S11455
CALDE'|S01117
CALDIERO|S02437
CALDONAZZO|S02308
CALENZANO|S06417
CALITRI PESCOPAGANO|S09620
CALLIANO|S02047
CALLIANO|S02041
CALOLZIOCORTE OLGINATE|S01524
CALOPEZZATI|S11815
CALTAGIRONE|S12270
CALTANISSETTA CENTRALE|S12381
CALTANISSETTA XIRBI|S12380
CALTIGNAGA|S00020
CALUSCO|S01503
CALUSO|S00158
CALVISANO|S01843
CAMAIORE LIDO CAPEZZANO|S06043
CAMBIANO|S06804
CAMBIANO SANTENA|S00456
CAMERANO ASPIO|S07021
CAMMARATA S.GIOVANNI GEMINI|S12207
CAMNAGO-LENTATE|S01316
CAMOGLI S.FRUTTUOSO|S04716
CAMPAGNA SERRE PERSANO|S09825
CAMPAGNALUPIA - CAMPONOGARA|S02837
CAMPELLO SUL CLITUNNO|S07219
CAMPI SALENTINA|S13115
CAMPIGLIA MARITTIMA|S06031
CAMPO DI CARNE|S08706
CAMPO DI GIOVE|S08903
CAMPO DI GIOVE-MONTE MAIELLA|S08919
CAMPO DI NUSCO|S09626
CAMPO DI TRENS|S02007
CAMPO LIGURE-MASONE|S04105
CAMPOBASSO|S09459
CAMPOBELLO DI MAZARA|S12112
CAMPOBELLO RAVANUSA|S12385
CAMPODARSEGO|S02527
CAMPOFELICE|S12017
CAMPOFRANCO|S12211
CAMPOLATTARO|S09505
CAMPOLEONE|S08602
CAMPOLIETO MONACILIONI|S09462
CAMPOLONGO MAGGIORE|S02840
CAMPOMAGGIORE|S11454
CAMPOMARINO|S11020
CAMPOMELA|S12815
CAMPOMIGLIAIO|S06659
CAMPORA S.GIOVANNI SERRA AIELLO|S11745
CAMPORE|S00889
CAMPORGIANO|S06324
CAMPOSAMPIERO|S02525
CAMPOSANTO|S05314
CAMUCIA CORTONA|S06921
CANARO|S05709
CANCELLI DI FABRIANO|S07232
CANCELLIERA|S08735
CANCELLO|S09213
CANCELLO ARNONE|S09002
CANDELA-S.AGATA DI PUGLIA|S11204
CANDELO|S00071
CANDIA CANAVESE|S00157
CANDIA LOMELLINA|S00333
CANDIDA|S11105
CANDIOLO|S00512
CANDOGLIA ORNAVASSO|S01011
CANEGRATE|S01034
CANELLI|S00832
CANETRA|S07429
CANICATTI'|S12375
CANIGA|S12812
CANISTRO|S08812
CANNARA|S07009
CANNE DELLA BATTAGLIA|S11406
CANNETO SULL'OGLIO|S01848
CANNOLE|S13195
CANOSA DI PUGLIA|S11402
CANSANO SCAVI DI OCRITICUM|S08907
CANTALUPO DEL SANNIO|S09451
CANTU'|S01451
CANTU'-CERMENATE|S01313
CANZO|S01099
CAORSO|S01970
CAPACCIO ROCCADASPIDE|S11702
CAPACI|S12128
CAPACI|S12145
CAPALBIO|S08006
CAPANNELLE|S08672
CAPECE|S13108
CAPISTRELLO|S08850
CAPO BONIFATI|S11734
CAPO D'ORLANDO-NASO|S12030
CAPO DI PONTE|S01771
CAPO SPARTIVENTO|S11858
CAPOCROCE|S08804
CAPODACQUA PIEVE FANONICA|S07215
CAPOLONA|S06083
CAPPELLE-MAGLIANO|S08525
CAPRALBA|S01603
CAPRANICA-SUTRI|S08311
CAPRAROLA|S08110
CAPRIATI AL VOLTURNO|S09061
CAPRIOLO|S01622
CAPRIVA|S03301
CAPUA|S09208
CAPURSO|S13118
CARATE-CALO'|S01486
CARAVAGGIO|S01602
CARBONA|S05120
CARBONARA SCRIVIA|S04300
CARBONIA SERBARIU|S12818
CARBONIA STATO|S12972
CARENTINO|S00839
CARIATI|S11818
CARIMATE|S01315
CARINI|S12127
CARINI TORRE CIACHEA|S12799
CARISIO|S00055
CARMAGNOLA|S00601
CARMIANO-MAGLIANO|S13147
CARMIGNANO DI BRENTA|S02532
CARNATE USMATE|S01511
CARNIA|S03016
CARONIA|S12025
CARONNO PERTUSELLA|S01076
CAROVIGNO|S11133
CAROVILLI-ROCCASICURA|S08914
CARPANE'-VALSTAGNA|S02502
CARPI|S02349
CARPIGNANO SESIA|S00971
CARPINONE|S09050
CARRARA AVENZA|S06005
CARRITO-ORTONA|S08533
CARRUBA|S12326
CARRU` CLAVESANA|S00738
CARSOLI|S08519
CARUGO - GIUSSANO|S01091
CASABIANCA|S08730
CASACALENDA GUARDIALFIERA|S09465
CASAL SABINI|S11309
CASALBORDINO POLLUTRI|S07821
CASALBUONO|S09910
CASALBUTTANO|S01609
CASALE MONFERRATO|S00314
CASALE POPOLO|S00179
CASALECCHIO DI RENO|S05101
CASALECCHIO GARIBALDI|S05111
CASALECCHIO PALASPORT|S05968
CASALEGGIO|S00972
CASALETTO|S09922
CASALETTO VAPRIO|S01604
CASALGRANDE|S05982
CASALMAGGIORE|S01850
CASALNUOVO|S09216
CASALPUSTERLENGO|S01827
CASAMASSIMA|S13099
CASARANO|S13157
CASARSA|S02830
CASCINA|S06505
CASELLE TORINESE|S00087
CASELLO 11|S02836
CASELLO 8|S02838
CASELLO KM 19|S07027
CASERTA|S09211
CASINALBO|S05184
CASINO DI TERRA|S06751
CASLETTO-ROGENO|S01457
CASLINO AL PIANO|S01758
CASLINO D'ERBA|S01098
CASOLI|S07991
CASORATE SEMPIONE|S01029
CASORIA-AFRAGOLA|S09009
CASSAGO-NIBIONNO-BULCIAGO|S01490
CASSANO ALL`IONIO|S11900
CASSANO D'ADDA|S01707
CASSANO IRPINO|S09611
CASSINE|S00864
CASSINO|S08671
CASSOLA|S02506
CASTAGNARO|S02368
CASTAGNETO CARDUCCI-DONORATICO|S06029
CASTAGNO|S05122
CASTAGNOLE DELLE LANZE|S00828
CASTANO PRIMO|S01752
CASTEGGIO|S01942
CASTEGNATO|S01795
CASTEL BAGNOLO DI ORTE|S08114
CASTEL D'ARIO|S02382
CASTEL DI SANGRO|S08910
CASTEL FRENTANO|S07987
CASTEL GANDOLFO|S08703
CASTEL LAGOPESOLE|S11212
CASTEL MADAMA|S08510
CASTEL S.ANGELO|S07407
CASTEL S.GIORGIO ROCCAPIEMONTE|S09704
CASTEL S.GIOVANNI|S01948
CASTEL S.PIETRO TERME|S05053
CASTELBELLO|S02208
CASTELBOLOGNESE-RIOLO TERME|S05056
CASTELBUONO|S12020
CASTELDACCIA|S12010
CASTELDARNE|S02105
CASTELDEBOLE|S05102
CASTELFERRETTI-FALCONARA AEROPORTO|S07200
CASTELFIORENTINO|S06802
CASTELFRANCI|S09609
CASTELFRANCO EMILIA|S05037
CASTELFRANCO IN MISCANO|S09323
CASTELFRANCO VENETO|S02537
CASTELGUELFO|S05012
CASTELL'ALFERO|S00343
CASTELLALTO CANZANO|S07901
CASTELLAMMARE DEL GOLFO|S12120
CASTELLAMMARE DI STABIA|S09756
CASTELLANA GROTTE|S13122
CASTELLANETA|S11507
CASTELLANETA MARINA|S11463
CASTELLANZA|S01136
CASTELLAZZO CASALCERMELLI|S04000
CASTELLEONE|S01606
CASTELLETTO BUSCA|S00720
CASTELLETTO TICINO|S01123
CASTELLINA IN CHIANTI-MONTERIGGIONI|S06808
CASTELLINA MARITTIMA|S06024
CASTELLINO TANARO|S00741
CASTELLO D'ANNONE|S00465
CASTELLO DI GODEGO|S02507
CASTELLUCCHIO|S01923
CASTELLUCCIO|S09920
CASTELMAGGIORE|S05724
CASTELNUOVO BELBO|S00836
CASTELNUOVO BERARDENGA|S06812
CASTELNUOVO DEL GARDA|S02093
CASTELNUOVO DI GARFAGNANA|S06300
CASTELPLANIO CUPRAMONTANA|S07204
CASTELRAIMONDO CAMERINO|S07302
CASTELROSSO|S00233
CASTELSPINA PORTANOVA|S04001
CASTELVECCHIO PASCOLI|S06302
CASTELVETERE|S09608
CASTELVETRANO|S12113
CASTELVETRO|S01960
CASTENASO|S05995
CASTENASO STELLINA|S05994
CASTIGLION DEL LAGO|S06923
CASTIGLION FIORENTINO|S06920
CASTIGLIONCELLO|S06729
CASTIGLIONE COSENTINO|S11909
CASTIGLIONE DI SICILIA|S12362
CASTIGLIONE IN TEVERINA|S08205
CASTIONE ANDEVENNO|S01429
CASTIONE DEI MARCHESI|S01964
CASTRO-POFI-VALLECORSA|S08663
CASTRONNO|S01208
CATANIA ACQUICELLA|S12337
CATANIA AEROPORTO FONTANAROSSA|S12336
CATANIA CENTRALE|S12332
CATANZARO|S11956
CATANZARO LIDO|S11833
CATENANUOVA-CENTURIPE|S12244
CATTOLICA S.GIOVANNI GABICCE|S07102
CAULONIA|S11846
CAVA CARBONARA|S00279
CAVA DEI TIRRENI|S09816
CAVA TIGOZZI|S01914
CAVAGNOLO BRUSASCO|S00423
CAVALLEGGERI AOSTA|S09113
CAVALLERMAGGIORE|S00603
CAVANELLA D'ADIGE|S05425
CAVANELLA PO|S05422
CAVARIA OGGIONA IERAGO|S01210
CAVARZERE CENTRO|S02847
CAVAZZALE|S02147
CAVI|S04724
CAVRIAGO|S05932
CAVRIAGO S.NICOLO'|S05931
CAZZAGO SAN MARTINO|S01790
CA` DI BOSCHETTI|S06044
CECCANO|S08664
CECCHINA|S08732
CECINA|S06026
CEDEGOLO|S01769
CEFALU'|S12019
CEGGIA|S02665
CEGLIE MESSAPICA|S13107
CELANO-OVINDOLI|S08528
CELLE|S04530
CELLE BULGHERIA ROCCAGLORIOSA|S11716
CENGIO|S00745
CENTALLO|S00608
CENTOLA-PALINURO-MARINA DI CAMEROTA|S11715
CEPRANO-FALVATERRA|S08666
CERBARA|S07937
CERBERE|S78500
CERCENASCO|S00541
CERCHIO|S08530
CERCINA|S06956
CERDA|S12200
CEREA|S02364
CEREGNANO|S05417
CERIALE|S04517
CERIANO LAGHETTO - SOLARO|S01934
CERIANO LAGHETTO PARCO DELLE GROANE|S01927
CERIGNOLA CAMPAGNA|S11103
CERNUSCO-MERATE|S01513
CERQUETO|S07969
CERRETO D'ESI|S07300
CERTALDO|S06803
CERTOSA DI PAVIA|S01803
CERVARO|S11200
CERVIA-MILANO MARITTIMA|S05814
CERVIGNANO-AQUILEIA-GRADO|S03207
CERVIGNASCO|S00546
CERVINARA|S09015
CERVO SAN BARTOLOMEO|S04512
CESANO BOSCONE|S01112
CESANO DI ROMA|S08319
CESANO MADERNO|S01086
CESANO MADERNO PARCO DELLE GROANE|S01798
CESATE|S01075
CESE|S09473
CESENA|S05066
CESENATICO|S05815
CESI|S07960
CETO - CERVENO|S01772
CETRARO|S11735
CEVA|S00742
CHATILLON-SAINT-VINCENT|S00142
CHERASCO|S00733
CHIANCHE CEPPALONI|S09510
CHIARAVALLE|S07201
CHIARI|S01713
CHIARONE|S08007
CHIASSO|S01301
CHIAVARI|S04722
CHIAVENNA|S01400
CHIERI|S00500
CHIETI|S07712
CHIETI-MADONNA DELLE PIANE|S07025
CHIEUTI SERRACAPRIOLA|S11021
CHIGNOLO PO|S01868
CHIOGGIA|S05428
CHIOMONTE|S00206
CHIOZZA|S05983
CHIOZZOLA|S05920
CHIRIALZA|S12899
CHIUDUNO|S01536
CHIURO|S01435
CHIUSA|S02017
CHIUSANO COSSOMBRATO|S00429
CHIUSI-CHIANCIANO TERME|S06925
CHIVASSO|S00232
CIAMPINO|S08650
CIANO D'ENZA|S05921
CIANO VIA TEDALDO CANOSSA|S05922
CIARDES|S02209
CINISI TERRASINI|S12126
CIRELLA MAJERA`|S11730
CIRIE'|S00090
CIRO'|S11820
CISANO CAPRINO BERGAMASCO|S01525
CISLAGO|S01725
CISMON DEL GRAPPA|S02500
CISTERNA DI LATINA|S08603
CISTERNINO|S11131
CISTERNINO (FSC)|S13105
CITERNA TARO|S06154
CITTADELLA|S02535
CITTADUCALE|S07406
CITTA` DELLA PIEVE|S08200
CITTA` DI CASTELLO - FORNACE|S07939
CITTA` DI CASTELLO - ZONA INDUSTRIALE|S07938
CITTIGLIO|S01746
CIVATE|S01462
CIVIDALE|S03056
CIVIDATE - MALEGNO|S01774
CIVIDATE-CALCIO|S01712
CIVITA CASTELLANA-MAGLIANO|S08211
CIVITA D'ANTINO-MORINO|S08853
CIVITANOVA MARCHE-MONTEGRANARO|S07506
CIVITAVECCHIA|S08010
CIVITAVECCHIA M.MA|S08012
CIVITAVECCHIA VIALE DELLA VITTORIA|S08024
CIVITELLA PAGANICO|S06822
CIVITELLA ROVETO|S08852
CIVITELLA-BADIA AL PINO|S06066
CIXERRI|S12970
CLASSE|S05812
COCCAGLIO|S01540
COCCONATO|S00425
COCQUIO TREVISAGO|S01744
COCULLO|S08534
CODEMONDO|S05933
CODIGORO|S05799
CODISOTTO|S05957
CODOGNO|S01828
CODOLA|S09703
CODROIPO|S02831
COGNO - ESINE|S01775
COGOLETO|S04532
COLDRANO-MARTELLO|S02206
COLFELICE|S08820
COLICO|S01420
COLLARMELE|S08548
COLLE ISARCO|S02005
COLLE MATTIA|S08651
COLLE VAL D`ELSA|S06840
COLLECCHIO|S06151
COLLEDIMEZZO|S07994
COLLEFERRO-SEGNI-PALIANO|S08657
COLLEGNO|S00217
COLLESALVETTI|S06018
COLLEVALENZA R.R.|S07975
COLLEVECCHIO-POGGIO SOMMAVILLA|S08221
COLLI DEL TRONTO|S07024
COLLI DI MONTE BOVE|S08520
COLMEGNA|S01111
COLOGNE|S01539
COLONNA GALLERIA|S08653
COLORNO|S01852
COMIGNAGO|S00050
COMISO|S12411
COMO BORGHI|S01764
COMO CAMERLATA|S01308
COMO CAMERLATA (FNM)|S01763
COMO LAGO|S01765
COMO S.GIOVANNI|S01307
COMPIOBBI|S06902
COMPRE S.VINCENZO|S08816
CONA|S05169
CONA VENETA|S02845
CONDOFURI|S11861
CONDOVE-CHIUSA S.MICHELE|S00212
CONEGLIANO|S02706
CONSANDOLO|S05999
CONSELICE|S05950
CONSELICE ZONA INDUSTRIALE|S05004
CONTEA LONDA|S06702
CONTESSE|S12355
CONTIGLIANO|S07404
CONTURSI TERME|S09826
CONVERSANO|S13121
CONZA ANDRETTA CAIRANO|S09618
COPERTINO|S13149
CORBETTA-S.STEFANO TICINO|S01041
CORBEZZI|S05115
CORCHIANO|S08112
CORDOVADO SESTO|S02661
CORIGLIANO CALABRO|S11812
CORIGLIANO D'OTRANTO|S13180
CORMANO-BRUSUGLIO|S01080
CORMANO-CUSANO MILANINO|S01109
CORMONS|S03300
CORNIANO|S05925
CORNIGLIA|S04734
CORNINO|S03053
CORNUDA|S02569
CORONELLA|S05719
CORRIDONIA MOGLIANO|S07308
CORSANO|S09324
CORSICO|S01064
CORTEOLONA|S01865
CORTINA D'AMPEZZO|S02999
COSENZA|S11910
COSIO TRAONA|S01424
COSSATO|S00973
COSTA|S02375
COSTA MASNAGA|S01491
COSTIGLIOLE (MOTTA DI)|S00348
COSTIGLIOLE D`ASTI|S00829
COSTIGLIOLE SALUZZO|S00702
COTIGNOLA|S05956
COTILIA|S07432
COURMAYER|S00999
COZZE|S11151
COZZO|S00332
CREMA|S01605
CREMONA|S01915
CRESCENTINO|S00172
CRESPELLANO|S05973
CRESPINO DEL LAMONE|S06607
CRESSA FONTANETO|S00017
CREVALCORE|S05316
CRISPIANO|S13131
CRISPIANO S.RAFFAELE|S13130
CROCETTA|S07988
CROCICCHIE|S08317
CROPANI|S11830
CROTONE|S11823
CRUCOLI|S11819
CUCCIAGO|S01312
CUNEO|S00610
CUNEO GESSO|S00611
CUNICO SCANDELUZZA|S00427
CUORGNE'|S00888
CUPONE|S08810
CUPRAMARITTIMA|S07511
CUREGGIO|S00051
CURINGA|S11972
CUSANO|S02700
CUTRO|S11826
CUZZAGO (MI)|S01010
CUZZAGO (NO)|S00180
DARFO - CORNA|S01006
DECIMOMANNU|S12888
DEGO|S00877
DEIVA MARINA|S04728
DELEBIO|S01422
DERBY|S00162
DERUTA|S07966
DERVIO|S01408
DESENZANO DEL GARDA-SIRMIONE|S02084
DESIO|S01320
DEV. INT. LL/DD CITTA' DELLA PIEVE|S06097
DIAMANTE BUONVICINO|S11731
DIANO|S04524
DICOMANO|S06701
DIECIMO-PESCAGLIA|S06310
DINAZZANO|S05981
DITTAINO|S12240
DIVACA|S44200
DOBBIACO|S02113
DOGATO|S05174
DOLE VILLE|S71341
DOLO|S02587
DOMEGLIARA-S.AMBROGIO|S02055
DOMODOSSOLA|S01003
DONNA|S04202
DONNAFUGATA|S12412
DONNAS|S00148
DORIO|S01407
DORMELLETTO|S01025
DORMELLETTO PAESE|S00980
DOSSOBUONO|S02330
DRAGONI|S09021
DRONERO|S00722
DUBINO|S01405
DUCA D'AOSTA|S09051
DUEVILLE|S02146
DUGO SELO|S72517
DUOMO VIA VERNIERI|S09819
Dev.Int. DD/AV|S08220
EBOLI|S09824
ECA NASAGO`|S00926
EDOLO|S01002
EGNA-TERMENO|S02032
EGNAZIA|S11154
ELLERA CORCIANO|S07003
ELMAS AEROPORTO|S12819
EMPOLI|S06510
ENAS|S12856
ENNA|S12238
ENZITETO-CATINO|S11041
EQUI TERME|S06226
ERBA|S01096
ERBANNO - ANGONE|S01777
ESTE|S02396
EUROPA PES|S12335
EXILLES|S00251
FIRENZE SANTA MARIA NOVELLA|S06421
FABRIANO|S07208
FABRIANO CA' MAIANO|S07059
FABRICA DI ROMA|S08111
FABRO-FICULLE|S08201
FAE'-FORTOGNA|S02557
FAENZA|S05058
FAGARE'|S02762
FAGNANO CAMPANA|S07420
FALCIANO-MONDRAGONE-CARINOLA|S09001
FALCONARA|S12405
FALCONARA IBLEA|S12440
FALCONARA MARITTIMA|S07111
FALCONARA STADIO|S07117
FALCONE|S12038
FALERNA|S11747
FANCIULLATA|S07967
FANNA-CAVASSO|S03083
FANO|S07105
FANZOLO|S02575
FARA|S00112
FARA SABINA-MONTELIBRETTI|S08214
FARIGLIANO|S00737
FASANO|S11130
FAUGLIA - LORENZANA|S06021
FAVAZZINA|S11771
FAVRIA|S00885
FEDERICO|S12136
FELEGARA-S.ANDREA BAGNI|S06103
FELETTO|S00883
FELIZZANO|S00468
FELONICA|S05162
FELTRE|S02564
FERENTINO-SUPINO|S08661
FERNO - LONATE POZZOLO|S01138
FERRANDINA SCALO-MATERA|S11458
FERRANIA|S04804
FERRARA|S05712
FERRARA  VIA BOSCHETTO|S05196
FERRARA ALEOTTI|S05167
FERRARA CONA OSPEDALE|S05193
FERRARA P. RENO|S05168
FERRERA LOMELLINA|S00404
FERRUZZANO|S11856
FIDENE|S08235
FIDENZA|S05009
FIERA|S12137
FIESOLE CALDINE|S06953
FIGLINE VALDARNO|S06908
FILATTIERA|S06165
FILDIDONNA|S12277
FILIANO|S11211
FINALE LIGURE MARINA|S04522
FINO MORNASCO|S01760
FIORANO|S05182
FIORENZUOLA|S05007
FIRENZE CAMPO MARTE|S06900
FIRENZE CASTELLO|S06419
FIRENZE RIFREDI|S06420
FIRENZE ROVEZZANO|S06901
FIRENZE STATUTO|S06430
FISCIANO|S09519
FIUMEFREDDO BRUZIO|S11741
FIUMEFREDDO DI SICILIA|S12322
FIUMELATTE|S01412
FIUMETORTO|S12015
FIUMICINO AEROPORTO|S08411
FIVIZZANO ROMETTA-SOLIERA|S06222
FIVIZZANO-GASSANO|S06223
FOGGIA|S11100
FOGNANO|S06618
FOLIGNO|S07217
FOLLONICA|S06033
FONDI-SPERLONGA|S08606
FONTAN SAORGE|S00621
FONTANA LIRI|S08818
FONTANA LIRI INFERIORE|S08819
FONTANAFREDDA|S02702
FONTANAROSA-CERVARO|S09199
FONTANETTO PO|S00174
FONTANIVA|S02534
FONTEBUONA|S06619
FONTECCHIO|S07421
FONYOD|S03491
FORENZA|S11210
FORGARIA BAGNI ANDUINS|S03054
FORLI'|S05059
FORLIMPOPOLI-BERTINORO|S05065
FORMIA-GAETA|S08640
FORMIGINE|S05183
FORNACI DI BARGA|S06304
FORNO ALLIONE|S01768
FORNOVO|S06153
FORTE DEI MARMI-SERAVEZZA-QUERCETA|S06011
FORTEZZA|S02011
FOSCIANDORA-CESERANA|S06301
FOSSACESIA|S07819
FOSSACESIA-TORINO DI SANGRO|S07018
FOSSALTA DI PIAVE|S02667
FOSSALTA DI PORTOGRUARO|S03201
FOSSANO|S00606
FOSSATO DI VICO GUBBIO|S07209
FRADELETTO CARPENEDO|S02675
FRAGNETO MONFORTE|S09506
FRAMURA|S04729
FRANCAVILLA|S12361
FRANCAVILLA AL MARE|S07813
FRANCAVILLA ANGITOLA-FILADELFIA|S11752
FRANCAVILLA FONTANA|S11603
FRANCIOSA|S09842
FRASCATI|S08751
FRASSO|S08806
FRASSO TELESINO-DUGENTA|S09305
FRATTA|S02374
FRATTA TODINA|S07971
FRATTAMAGGIORE-GRUMO|S09008
FRATTAROLO|S11053
FRATTE|S09522
FRATTE CENTRO|S02524
FRATTE VILLA COMUNALE|S09524
FROSINONE|S08662
FRUGAROLO BOSCOMARENGO|S04200
FRUTIGEN|S07478
FUNO CENTERGROSS|S05726
FURAPANE|S07979
FURCI|S12313
FUSCALDO|S11738
GENOVA PIAZZA PRINCIPE|S04700
GAGGI|S12358
GAGGIANO|S01063
GAGGIO|S02671
GAGLIANO L.|S13162
GAGLIOLE|S07311
GAIBANELLA|S05800
GAIFANA|S07212
GALATI|S12305
GALATINA|S13169
GALATONE CITTA'|S13152
GALDO|S09900
GALLARATE|S01030
GALLESE BASSANELLO|S08113
GALLESE IN TEVERINA|S08210
GALLIATE|S01748
GALLIATE PARCO DEL TICINO|S01749
GALLIERA|S05721
GALLIERA VENETA TOMBOLO|S02541
GALLIPOLI|S11672
GALLIPOLI BAIA VERDE|S13176
GALLIPOLI PORTO|S13174
GALLIPOLI VIA AGRIGENTO|S13172
GALLIPOLI VIA SALENTO|S13175
GALUGNANO|S13165
GAMALERO|S00861
GAMBERALE-S.ANGELO DEL PESCO|S07997
GAMBETTOLA|S05067
GAMBOLO'-REMONDO'|S00274
GARBAGNA|S00030
GARBAGNATE PARCO DELLE GROANE|S01073
GARESSIO|S00924
GARGAZZONE|S02218
GARLASCO|S00276
GATTEO A MARE|S05816
GATTINARA|S00052
GAVIGNANO SABINO|S08241
GAVIRATE|S01742
GAVIRATE VERBANO|S01743
GAVORRANO|S06036
GAZZADA SCHIANNO MORAZZONE|S01207
GAZZO DI BIGARELLO|S02381
GAZZO PIEVE S.GIACOMO|S01917
GELA|S12407
GEMELLI|S08326
GEMONA DEL FRIULI|S03019
GEMONIO|S01745
GENGA S.VITTORE TERME|S07206
GENOVA ACQUASANTA|S04107
GENOVA BOLZANETO|S04218
GENOVA BORZOLI|S04109
GENOVA BRIGNOLE|S04702
GENOVA CORNIGLIANO|S04538
GENOVA COSTA DI SESTRI PONENTE|S04110
GENOVA GRANARA|S04108
GENOVA MARITTIMA S.LIMBANIA|S04603
GENOVA NERVI|S04707
GENOVA PEGLI|S04536
GENOVA PIAZZA PRINCIPE SOTTERRANEA|S04701
GENOVA PONTEDECIMO|S04217
GENOVA PRA|S04535
GENOVA QUARTO DEI MILLE|S04704
GENOVA QUINTO AL MARE|S04705
GENOVA RIVAROLO|S04219
GENOVA S.BIAGIO|S04222
GENOVA SAMPIERDARENA|S04220
GENOVA SAN QUIRICO|S04213
GENOVA SESTRI PONENTE AEROPORTO|S04537
GENOVA STURLA|S04703
GENOVA VESIMA|S04540
GENOVA VIA DI FRANCIA|S04223
GENOVA VOLTRI|S04534
GENOVA VOLTRI MARE|S04541
GERENZANO - TURATE|S01724
GERMAGNANO|S00096
GHEDI|S01841
GHEMME|S00110
GHISLARENGO|S00974
GHIVIZZANO-COREGLIA|S06306
GIACHERY|S12138
GIAMPILIERI|S12308
GIAROLE|S00316
GIARRE RIPOSTO|S12324
GIAVE|S12866
GINOSA|S11462
GIOIA DEL COLLE|S11505
GIOIA TAURO|S11766
GIOIOSA JONICA|S11848
GIOJOSA MAREA|S12033
GIOVI|S06084
GIOVINAZZO|S11115
GIUBIASCO|S00850
GIUGLIANO QUALIANO|S09100
GIULIANOVA|S07802
GIUNCANO|S07225
GIUNCARICO|S06037
GIURDIGNANO|S13194
GIUSTIZIA|S12142
GIZZERIA LIDO|S11748
GLORIE|S05809
GODO|S05904
GOLE DI ALCANTARA|S12366
GOLFO ARANCI|S12852
GONZAGA-REGGIOLO|S02344
GOPPESTEIN|S07474
GORGO AL MONTICANO|S02766
GORIANO SICOLI|S08535
GORIZIA CENTRALE|S03304
GOZZANO|S00015
GRAGNANO|S09758
GRAGNOLA|S06224
GRAMMICHELE|S12272
GRANAIOLO|S06801
GRANAROLO FAENTINO|S05955
GRANDATE - BRECCIA|S01762
GRANITI|S12359
GRASSANO-GARAGUSO-TRICARICO|S11456
GRAVELLONA TOCE|S00007
GRAVINA IN PUGLIA|S11306
GRECCIO|S07403
GRICIGNANO-TEVEROLA|S09300
GRIGNANO|S03315
GRIGNASCO|S00106
GRIGNO|S02317
GRISIGNANO DI ZOCCO|S02579
GRISOLIA S.MARIA|S11729
GRIZZANA|S05133
GROPELLO CAIROLI|S00277
GROSSETO|S06039
GROTTAGLIE|S11602
GROTTAMMARE|S07512
GROTTE|S12372
GROTTE DI CASTELLANA|S13123
GROTTE S.STEFANO|S08301
GRUGLIASCO|S00059
GRUMELLO DEL MONTE|S01537
GRUMO APPULA|S11502
GUAGNANO|S13113
GUALDO TADINO|S07211
GUALTIERI|S05961
GUARDA|S05998
GUARDAVALLE|S11843
GUARDIA MANGANO S.VENERINA|S12327
GUARDIA PIEMONTESE TERME|S11737
GUARDIAREGIA|S09456
GUASTALLA|S05960
GUIDONIA-MONTECELIO-S.ANGELO|S08506
GYEKENYES|S00125
HONE-BARD|S00147
HORB|S29399
IGEA MARINA|S05818
IGLESIAS|S12950
IL CIONFO|S06958
IL CIONFO BIN. SALVIATI|S06951
IL NETO|S06424
ILCI-PIAN DEI MORI|S07972
IMOLA|S05054
IMPERIA|S04523
INCISA|S06907
INCISA SCAPACCINO|S00835
INCORONATA|S11101
INDICATORE|S06914
INDUNO OLONA|S01204
INVERIGO|S01093
IPOGEO DEGLI OTTAVI|S08330
ISELLE DI TRASQUERA|S01952
ISEO|S01021
ISERNIA|S09053
ISOLA DEL CANTONE|S04210
ISOLA DELLA SCALA|S05307
ISOLA DELLE FEMMINE|S12129
ISOLA D`ASTI|S00347
ISOLA LIRI|S08858
ISOLETTA-S.GIOVANNI INCARICO|S08665
ISPICA|S12421
ISPRA|S01121
ISTRANA|S02539
ITRI|S08607
IVREA|S00154
JENBACH|S01176
JESI|S07202
JOPPOLO|S11763
KANDERSTEG|S07475
KARLSRUHE HBF|S01800
KENNEDY|S12067
KNITTEFELD|S03612
KOELN HBF|S02100
KRIZEVCI|S73107
LAMEZIA TERME AEROPORTO|S17014
L'AQUILA|S07414
LA BRIGUE|S00634
LA DOGANA|S07934
LA FIORA|S08808
LA GIUSTINIANA|S08321
LA RUSTICA UIR|S08514
LA SALLE|S00132
LA SPEZIA CENTRALE|S06000
LA SPEZIA MIGLIARINA|S06004
LA STORTA|S08320
LABICO|S08654
LABRO MOGGIO|S07427
LACES|S02207
LADISPOLI-CERVETERI|S08021
LAGONEGRO|S09911
LAGUNDO|S02215
LAIGUEGLIA|S04514
LAIVES|S02029
LAMA|S05418
LAMA DI RENO|S05121
LAMBRINIA|S01869
LAMBRUGO - LURAGO D'ERBA|S01094
LAMEZIA TERME CENTRALE|S11749
LAMEZIA TERME NICASTRO|S11951
LAMEZIA TERME SAMBIASE|S11950
LANA-POSTAL|S02219
LANCENIGO|S02710
LANCIANO|S07986
LANUVIO|S08733
LANZARA FIMIANI|S09707
LANZO TORINESE|S00095
LAPIO|S09604
LARINO|S09466
LASA|S02204
LASCARI|S12070
LASCARI|S12018
LASTRA A SIGNA|S06001
LATERINA|S06912
LATIANO|S11606
LATINA|S08608
LATISANA LIGNANO-BIBIONE|S03202
LAURIANO|S00421
LAVAGNA|S04723
LAVENO MOMBELLO|S01118
LAVENO MOMBELLO LAGO|S01747
LAVEZZOLA|S05806
LAVINO|S05041
LAVIS|S02037
LAVORATE|S09708
LAZIO|S12063
LE CAVE|S02009
LE CURE|S06957
LE PIAGGE|S06516
LECCE|S11145
LECCO|S01520
LECCO MAGGIANICO|S01522
LEGGIUNO MONVALLE|S01120
LEGNAGO|S02366
LEGNANO|S01033
LENDINARA|S02373
LENTIGIONE|S05965
LENTINI|S12341
LENTINI DIRAMAZIONE|S12340
LEONESSA|S11219
LEONFORTE-PIRATO|S12239
LERCARA BASSA|S12205
LERINO|S02578
LESA|S01018
LESEGNO|S00954
LESMO|S01501
LETOJANNI|S12316
LEVADA|S02568
LEVANTO|S04731
LEVATA|S02019
LEVICO TERME|S02309
LEZZA - CARPESINO|S01799
LICATA|S12400
LIDO DI CLASSE-LIDO DI SAVIO|S05813
LIDO DI LAVINIO|S08708
LIDO DI TURBIGO|S01750
LIERNA|S01413
LIMONE|S00617
LIONI|S09616
LIONI VALLE DELLE VITI|S09628
LISIDE|S11124
LISIERA|S02530
LISON|S02663
LISSONE-MUGGIO'|S01321
LIVORNO CENTRALE|S06725
LIVORNO FERRARIS|S00237
LOANO|S04519
LOCATE TRIULZI|S01801
LOCATE VARESINO - CARBONATE|S01727
LOCOROTONDO|S13127
LOCRI|S11851
LODI|S01825
LOLLI|S12143
LOMAZZO|S01757
LOMELLO|S00405
LONATO|S02083
LONGARONE ZOLDO|S02556
LONGOBARDI|S11742
LONIGO|S02441
LOREO|S05423
LORETO|S07503
LUCCA|S06404
LUCERA|S11647
LUCIGNANO-MARCIANO|S06069
LUGO|S05951
LUINO|S01113
LUMIGNACCO|S03125
LUNGHEZZA|S08503
LUNI|S06003
LUOGOSANO-S.MANGO SUL CALORE|S09606
LUSERNA S. GIOVANNI|S00523
LUZZARA|S05958
LYON ST EXUPERY|S76290
MILANO CENTRALE|S01700
MACCAGNO|S19005
MACCAGNO|S13653
MACCARESE-FREGENE|S08020
MACERATA|S07307
MACERATA FONTESCODELLA|S07313
MACERATA UNIVERSITA'|S07314
MACHERIO SOVICO|S01500
MACHERIO-CANONICA|S01484
MACOMER|S12869
MADDALENE|S00607
MADDALONI INFERIORE|S09212
MADDALONI SUPERIORE|S09303
MADIGNANO|S01610
MADONNA DEL PIANO|S08108
MADONNA DEL PILONE|S00820
MADONNA DELLA SCALA|S00501
MADONNA DELLE GRAZIE|S09773
MADONNA DI CAMPAGNA|S00083
MADONNA DI CAMPIGLIO|S02490
MADONNA DI CASTRO|S12853
MAERNE DI MARTELLAGO|S02512
MAGENTA|S01040
MAGIONE|S07002
MAGLIANA|S08404
MAGLIANO CRAVA MOROZZO|S00951
MAGLIE|S13182
MAGLIE VIA OTRANTO|S13183
MAGNA GRECIA|S11042
MAGNACAVALLO|S05159
MAGRE'-CORTACCIA|S02033
MAJANO|S03051
MALEO|S01910
MALLES VENOSTA|S02200
MALNATE|S01737
MALONNO|S01767
MALPENSA AEROPORTO TERMINAL 1|S01139
MALPENSA AEROPORTO TERMINAL 2|S01146
MALTIGNANO DEL TRONTO|S07555
MANAROLA|S04735
MANDATORICCIO CAMPANA|S11817
MANDELLO DEL LARIO|S01415
MANDOLOSSA|S01796
MANDRAS|S12898
MANDURIA|S13110
MANERBIO|S01902
MANFREDONIA|S11054
MANIAGO|S03084
MANOPPELLO|S07710
MANTA|S00700
MANTOVA|S02336
MANTOVA FRASSINE|S02380
MANZANO|S03030
MANZIANA-CANALE MONTERANO|S08314
MARANO TICINO|S00983
MARANO VICENTINO|S02142
MARATEA|S11723
MARAUSA|S12104
MARCARIA|S01921
MARCELLINA-PALOMBARA|S08507
MARCELLINA-VERBICARO-ORSOMARSO|S11728
MARCELLINARA|S11953
MARCIANISE|S09301
MARCONI|S11121
MARCONIA|S11800
MARECHIARO|S08716
MARGARITA|S00902
MARGHERITA DI SAV./OFANTINO|S11107
MARIANO COMENSE|S01089
MARIANOPOLI|S12234
MARIGLIANO|S09750
MARINA DI CERVETERI|S08022
MARINA DI MARATEA|S11724
MARINA DI S.LORENZO|S11862
MARINELLA|S12854
MARINO DEL TRONTO-FOLIGNANO|S07556
MARINO LAZIALE|S08701
MARLENGO|S02214
MARMORE|S07401
MAROCCO|S02718
MARONE - ZONE|S01783
MAROTTA-MONDOLFO|S07107
MARRADI-PALAZZUOLO SUL SENIO|S06610
MARRUBIU-TERRALBA-ARBOREA|S12879
MARSALA|S12107
MARSCIANO|S07970
MARTINA FRANCA|S13104
MARTINA FRANCA-COLONNE GRASSI|S13128
MARTINSICURO|S07515
MARZABOTTO|S05105
MARZAMEMI|S12444
MARZOCCA|S07109
MASCALI|S12323
MASCHIO|S04811
MASI TORELLO|S05171
MASSA CENTRO|S06009
MASSA MARTANA|S07977
MASSAFISCAGLIA|S05179
MASSAFRA|S11510
MASSALOMBARDA|S05952
MASSAROSA BOZZANO|S06350
MATELICA|S07301
MATERA|S11670
MATHI|S00093
MATINO|S13156
MATREI|S02263
MATRICE-MONTAGANO-S.GIOVANNI IN GALDO|S09461
MATTARELLO|S02040
MAZARA DEL VALLO|S12110
MEDA|S01087
MEDE|S00406
MEDESANO|S06102
MEDUNO|S03082
MEINA|S01019
MELANO MARISCHIO|S07065
MELE|S04106
MELEGNANO|S01822
MELFI|S11206
MELISSANO|S13179
MELITO DI PORTO SALVO|S11863
MELPIGNANO|S13181
MELZO|S01705
MEMMENANO|S06075
MENTON|S75648
MEOLO|S02668
MERANA|S00875
MERANO|S02216
MERANO-MAIA BASSA|S02217
MERCATELLO|S09837
MERCATO S.SEVERINO|S09706
MERCENASCO|S00156
MERGOZZO|S01012
MERONE|S01454
MESAGNE|S11607
MESSINA CENTRALE|S12301
MESSINA MARITTIMA|S12300
MESTRINO|S02580
METAPONTO|S11461
MEZZANI RONDANI|S01851
MEZZANO|S05810
MEZZOCORONA|S02035
MEZZOLARA|S05997
MIGGIANO|S13189
MIGLIARINO|S05176
MIGLIARO|S05178
MIGNANEGO|S04212
MIGNANO MONTE LUNGO|S09201
MILANO AFFORI|S01078
MILANO BOVISA POLITECNICO|S01642
MILANO BRUZZANO PARCO NORD|S01079
MILANO CADORNA|S01066
MILANO CERTOSA|S01640
MILANO DATEO|S01650
MILANO DOMODOSSOLA|S01067
MILANO FARINI|S01644
MILANO FORLANINI|S01492
MILANO GRECO PIRELLI|S01326
MILANO LAMBRATE|S01701
MILANO LANCETTI|S01643
MILANO PORTA GARIBALDI|S01645
MILANO PORTA GARIBALDI SOTTERRANEA|S01647
MILANO PORTA GENOVA|S01631
MILANO PORTA ROMANA|S01632
MILANO PORTA VENEZIA|S01649
MILANO PORTA VITTORIA|S01633
MILANO QUARTO OGGIARO|S01069
MILANO REPUBBLICA|S01648
MILANO ROGOREDO|S01820
MILANO ROMOLO|S01032
MILANO S.CRISTOFORO|S01630
MILANO TIBALDI UNIVERSITA' BOCCONI|S01022
MILANO VILLAPIZZONE|S01639
MILAZZO|S12042
MILETO|S11790
MILITELLO|S12276
MIMMOLE|S06954
MINEO|S12275
MINERVINO MURGE|S11403
MINTURNO-SCAURI|S09150
MINUCCIANO-PIEVE-CASOLA|S06227
MIRA BUSE|S02835
MIRA MIRANO|S02588
MIRADOLO TERME|S01867
MIRAMARE|S03311
MIRANDOLA|S05311
MIRTO CROSIA|S11814
MISANO ADRIATICO|S07119
MODANE|S00201
MODANE FOURNEAUX|S00190
MODENA|S05032
MODENA PIAZZA MANZONI|S05188
MODICA|S12417
MODUGNO|S11500
MODUGNO|S11516
MODUGNO CITTA'|S11515
MOGLIANO VENETO|S02717
MOIANA|S01456
MOIMACCO|S03058
MOJO-ALCANTARA MALVAGNA|S12363
MOLA DI BARI|S11127
MOLARE|S04102
MOLFETTA|S11114
MOLINA-CASTELVECCHIO SUBEQUO|S07424
MOLINELLA|S05018
MOLINO DEL PALLONE|S05112
MOLTENO|S01458
MOMBALDONE-ROCCAVERANO|S00873
MOMBARUZZO|S00808
MOMO|S00019
MONASTERACE-STILO|S11844
MONASTERO PRATAVECCHI|S00721
MONCALIERI|S00453
MONCALIERI SANGONE|S00510
MONCALVO|S00340
MONCHIERO DOGLIANI|S00735
MONDOVI`|S00952
MONEGLIA|S04727
MONFALCONE|S03310
MONGARDINO|S00801
MONGRASSANO-CERVICATI|S11905
MONGUELFO-VALLE DI CASIES|S02111
MONOPOLI|S11129
MONSAMPOLO DEL TRONTO|S07553
MONSAMPOLO DEL TRONTO|S07023
MONSELICE|S05703
MONTAGNANA|S02392
MONTAGUTO PANNI|S09319
MONTALE AGLIANA|S06415
MONTALLESE|S06856
MONTALTO DI CASTRO|S08008
MONTALTO DORA|S00153
MONTANARO|S00160
MONTE AMIATA|S06818
MONTE ANTICO|S06820
MONTE ARCAU|S12973
MONTE MELINO|S07014
MONTE S.BIAGIO-TERRACINA MARE|S08605
MONTE SAN SAVINO|S06068
MONTEBELLO|S02443
MONTEBELLUNA|S02570
MONTECALVO-BUONALBERGO-CASALBORE|S09315
MONTECARLO S.SALVATORE|S06408
MONTECAROTTO-CASTELBELLINO|S07203
MONTECASTRILLI|S07980
MONTECATINI CENTRO|S06412
MONTECATINI TERME-MONSUMMANO|S06411
MONTECHIARO DENICE|S00872
MONTECHIARO D`ASTI|S00428
MONTECORVINO|S09822
MONTECOSARO|S07310
MONTEFALCIONE|S09602
MONTEFIASCONE|S08303
MONTEFREDANE|S09529
MONTEGIORDANO|S11805
MONTEGROSSO|S00803
MONTEIASI|S11601
MONTELLA|S09612
MONTELLO GORLAGO|S01535
MONTELUPO CAPRAIA|S06511
MONTEMAGGIORE BELSITO|S12203
MONTEMARANO|S09610
MONTEMARCIANO|S07110
MONTEMILETTO|S09603
MONTENERO PETACCIATO|S07825
MONTEPAONE-MONTAURO|S11836
MONTEPESCALI|S06038
MONTEPRANDONE|S07554
MONTEPULCIANO|S06855
MONTEREALE VALCELLINA|S03085
MONTERODUNI|S09057
MONTERONI D'ARBIA|S06871
MONTERONI DI LECCE|S13148
MONTEROSSO|S04732
MONTEROSSO MARCHE|S07062
MONTEROTONDO-MENTANA|S08215
MONTESANO BUONABITACOLO|S09909
MONTESANTO|S05801
MONTESILVANO|S07808
MONTEU DA PO|S00422
MONTEVARCHI TERRANUOVA|S06910
MONTEVERDE|S09624
MONTI TELTI|S12857
MONTICCHIO|S09622
MONTICELLI D'ONGINA|S01971
MONTICELLO D`ALBA|S00823
MONTIGLIO MURISENGO|S00426
MONTIRONE|S01840
MONTORO FORINO|S09518
MONTORO SUPERIORE|S09517
MONTORSI|S09528
MONTORSOLI|S06601
MONTREUX|S01235
MONZA|S01322
MONZA EST PARCO|S01493
MONZA SOBBORGHI|S01480
MONZONE-MONTE DEI BIANCHI-ISOLANO|S06225
MONZUNO-VADO|S05132
MORANO SUL PO|S00177
MORBEGNO|S01425
MORCIANO B.C.G.|S13161
MORCONE|S09503
MORENGO BARIANO|S01710
MORES ITTIREDDU|S12864
MORETTA|S00544
MORGEX|S00131
MORI|S02046
MORNAGO CIMBRO|S01144
MOROLO|S08660
MOROSOLO CASCIAGO|S01740
MORRA DE SANCTIS TEORA|S09617
MORREA-CASTRONOVO-RENDINARA|S08813
MORROVALLE MONTE S.GIUSTO|S07309
MORTARA|S00034
MOSCIANO S.ANGELO|S07904
MOSSA|S03302
MOTTA CAMASTRA|S12360
MOTTA DI LIVENZA|S02767
MOTTA S.DAMIANO|S01862
MOTTA S.GIOVANNI LAZZARO|S11865
MOTTEGGIANA|S02339
MOZIA-BIRGI|S12105
MOZZATE|S01726
MOZZECANE|S02332
MUFFA|S05974
MULINETTI|S04713
MUNGIVACCA|S13093
MURATELLA|S08400
MURLO|S06876
MURO LECCESE|S13184
MUSEI|S12953
MUSIANO-PIAN DI MACINA|S05139
MUSSOTTO|S00824
MUZZANA DEL TURGNANO|S03204
NAPOLI CENTRALE|S09218
N.D.|S00000
NAGYKANIZSA|S03624
NAPOLI AFRAGOLA|S09988
NAPOLI CAMPI FLEGREI|S09103
NAPOLI GIANTURCO|S09110
NAPOLI MERGELLINA|S09105
NAPOLI MONTESANTO|S09107
NAPOLI PIAZZA AMEDEO|S09106
NAPOLI PIAZZA CAVOUR|S09108
NAPOLI PIAZZA GARIBALDI|S09109
NAPOLI PIAZZA LEOPARDI|S09104
NAPOLI S.GIOVANNI BARRA|S09800
NAPOLI SCALO MERCI|S09010
NAPOLI TRACCIA|S09220
NARDO' CENTRALE|S13151
NARDO' CITTA'|S13150
NARNI AMELIA|S07230
NARZOLE|S00734
NASISI|S11600
NATURNO|S02211
NAVACCHIO|S06502
NEIVE|S00827
NEPEZZANO-PIANO D'ACCIO|S07026
NERA MONTORO|S07229
NETTUNO|S08710
NIARDO - LOSINE|S01773
NIBBIA|S00976
NICHELINO|S00511
NICORVO|S00273
NICOTERA|S11764
NIELLA|S00739
NISCEMI|S12392
NIZZA DI SICILIA|S12311
NIZZA MONFERRATO|S00834
NOALE-SCORZE'|S02510
NOCERA INFERIORE|S09814
NOCERA INFERIORE MERCATO|S09709
NOCERA SUPERIORE|S09815
NOCERA TIRINESE|S11746
NOCERA UMBRA|S07213
NOCETO|S06101
NOCI|S13125
NOGARA|S05310
NOICATTARO|S13119
NOLA|S09700
NOLA INTERPORTO|S09699
NOLE|S00091
NONE|S00513
NOTARESCO|S07903
NOTO|S12424
NOTO BAGNI|S12446
NOVA GORICA|S03303
NOVA SIRI ROTONDELLA|S11803
NOVARA|S00248
NOVARA NORD|S00023
NOVARA-MONTALBANO-FURNARI|S12039
NOVATE MILANESE|S01070
NOVATE-MEZZOLA|S01403
NOVE|S02734
NOVELLARA|S05940
NOVI LIGURE|S04203
NOVOLI|S13116
NOZZANO|S06351
NUCETTO|S00920
NUOVO SALARIO|S08231
NUS|S00140
NUSCO|S09614
OCCHIOBELLO|S05710
ODERZO|S02765
OFFICINE G.R. SALINE JONICHE|S11968
OFFIDA CASTEL DI LAMA|S07551
OGGIONO|S01460
OGNINA PES|S12333
OLBIA|S12855
OLBIA (NEW)|S12863
OLBIA MARITTIMA ISOLA BIANCA|S12901
OLCENENGO|S00244
OLCIO|S01414
OLEGGIO|S00984
OLEVANO|S00036
OLGIATA|S08333
OLGIATE-CALCO-BRIVIO|S01514
OLIVERI TINDARI|S12037
OLIVETTA S.MICHELE|S04480
OLMENETA|S01905
OLMI SPERCENIGO|S02760
OLTEN|S01150
OMEGNA|S00010
OMEGNA-CRUSINALLO|S00008
OMIGNANO SALENTO|S11708
ORA|S02031
ORBETELLO-MONTE ARGENTARIO|S08004
ORCIANO|S06022
ORDONA|S11202
ORIA|S11605
ORIAGO|S02834
ORICOLA-PERETO|S08518
ORIO LITTA|S01870
ORIOLO|S08313
ORIS|S02203
ORISTANO|S12878
ORMEA|S00927
ORNAVASSO|S00006
ORSA|S12121
ORSAGO|S02704
ORSARA DI PUGLIA|S09320
ORTA MIASINO|S00012
ORTANOVA|S11102
ORTE|S08209
ORVIETO|S08203
OSCHIRI|S12860
OSIMO CASTELFIDARDO|S07502
OSNAGO|S01512
OSPEDALETTO EUGANEO|S02395
OSPEDALETTO LODIGIANO|S01871
OSPEDALICCHIO|S07012
OSPITALE DI CADORE|S02554
OSPITALETTO MANTOVANO|S01922
OSPITALETTO TRAVAGLIATO|S01716
OSTELLATO|S05175
OSTERIA NUOVA|S05302
OSTIA PARMENSE|S06160
OSTIGLIA|S05304
OSTUNI|S11132
OTRANTO|S13193
OTTAVIA|S08324
OTTAVIANO|S09751
OULX CESANA CLAVIERE SESTRIERE|S00204
OVADA|S04103
OVADA NORD|S04007
OVIGLIO|S00840
OZIERI CHILIVANI|S12862
OZIERI FRAIGAS|S12861
OZZANO DELL'EMILIA|S05055
OZZANO MONFERRATO|S00337
OZZANO TARO|S06152
Ortona|S07815
PALERMO CENTRALE|S12002
P.M. RENO|S05047
P.M.TORRICCHIO|S09717
P.M.VAT|S03032
PABILLONIS|S12881
PACE DEL MELA|S12045
PACECO|S12103
PACHINO|S12445
PADERNO DUGNANO|S01082
PADERNO FRANCIACORTA|S01794
PADERNO ROBBIATE|S01502
PADIGLIONE|S08707
PADOVA|S02581
PADOVA CAMPO MARTE|S02650
PADULA|S09908
PADULI SUL CALORE|S09313
PAESE|S02540
PAESE CASTAGNOLE|S02602
PAESTUM|S11703
PAGANI|S09813
PAGANICA|S07416
PALAGIANELLO|S11508
PALAGIANO CHIATONA|S11464
PALAGIANO MOTTOLA|S11509
PALAGONIA|S12279
PALAZZO REALE-ORLEANS|S12130
PALAZZO S.GERVASIO-MONTEMILONE|S11303
PALAZZOLO DELLO STELLA|S03203
PALAZZOLO MILANESE|S01083
PALAZZOLO SULL'OGLIO|S01538
PALAZZOLO VERCELLESE|S00175
PALENA|S08904
PALERMO AEROPORTO|S12133
PALERMO BRANCACCIO|S12055
PALERMO CARDILLO|S12140
PALERMO DE GASPERI|S12065
PALERMO FRANCIA|S12139
PALERMO GUADAGNA|S12144
PALERMO LIBERTA'|S12075
PALERMO NOTARBARTOLO|S12134
PALERMO S.LORENZO|S12132
PALERMO TOMMASO NATALE|S12131
PALERMO VESPRI|S12135
PALESTRO|S00271
PALIDANO|S02343
PALIZZI|S11859
PALLANZENO|S00002
PALLERONE|S06220
PALMA S.GENNARO|S09701
PALMANOVA|S03122
PALMI|S11769
PALO LAZIALE|S08018
PALOMBINA|S07112
PANICAGLIA|S06605
PANTANELLA|S08699
PANTIERE DI CASTELBELLINO|S07234
PAOLA|S11739
PAPIANO|S07968
PARABIAGO|S01035
PARABITA|S13155
PARATICO SARNICO|S01620
PARCO LEONARDO|S08412
PARCO PRENESTINO|S08495
PARCO PRENESTINO BIN. ESTERNI|S08498
PARGHELIA|S11759
PARMA|S05014
PARONA LOMELLINA|S01060
PARTINICO|S12124
PASCAROSA|S13106
PASSIGNANO SUL TRASIMENO|S07001
PASSIRANO|S01793
PASTENA|S09836
PATERNOPOLI|S09607
PATTI-S.PIERO PATTI|S12036
PAULILATINO|S12874
PAVIA|S01860
PAVIA PORTA GARIBALDI|S01861
PAVONA|S08731
PC ROMA MONTE MARIO|S08017
PEDASO|S07510
PEDEROBBA CAVASO POSSAGNO|S02567
PEGOGNAGA|S05154
PELLEZZANO|S09521
PENANGO|S00341
PERAROLO DI CADORE|S02553
PERCA-PLAN DE CORONES|S02018
PERCIANTI ARIANELLO|S09627
PERGINE|S02305
PERGOLA|S07060
PERI|S02052
PERPIGNAN|S78400
PERTENGO|S00311
PERTOSA|S09921
PERUGIA|S07004
PERUGIA PONTE S.GIOVANNI|S07005
PERUGIA SILVESTRINI|S07013
PERUGIA UNIVERSITA'|S07006
PESARO|S07104
PESCANTINA|S02057
PESCARA|S07810
PESCARA PORTA NUOVA|S07811
PESCARA S.MARCO|S07017
PESCHIERA DEL GARDA|S02088
PESCIA|S06409
PESCINA|S08532
PESCOCANALE|S08811
PESCOLANCIANO-CHIAUCI|S08915
PESCOSANNITA FRAGNETO L'ABATE|S09507
PESSIONE|S00457
PETINA|S09901
PETROSINO STRASATTI|S12109
PETTENASCO|S00011
PETTORANO SUL GIZIO|S08901
PIACENZA|S05000
PIADENA|S01919
PIAN CAMUNO - GRATACASOLO|S01780
PIAN DEL MUGNONE|S06952
PIAN DI BORNO|S01776
PIAN DI PORTO|S07973
PIAN DI VENOLA|S05114
PIANA|S00876
PIANA BELLA DI MONTELIBRETTI|S08222
PIANA DEL SIGNORE|S12394
PIANA DI MONTE VERNA|S09026
PIANEROTTOLO D'ARIANO|S09317
PIANFEI|S00903
PIANIBBIE|S07990
PIANO D'ORTA BOLOGNANO|S07714
PIANO ORIZZONTALE DEI GIOVI|S04216
PIANORO|S05131
PIANZANO|S02705
PIAZZA AL SERCHIO|S06325
PIAZZOLA|S05924
PICERNO|S09833
PIEDIMONTE MATESE|S09999
PIEDIMONTE-VILLA S.LUCIA-AQUINO|S08680
PIEDIMULERA|S00003
PIETRA LIGURE|S04520
PIETRABISSARA|S04209
PIETRAGALLA|S11213
PIETRAPAOLA|S11816
PIETRARSA-S.GIORGIO A CREMANO|S09801
PIETRASANTA|S06012
PIETRELCINA|S09508
PIEVE ALBIGNOLA|S00402
PIEVE EMANUELE|S01104
PIEVE LIGURE|S04711
PIEVE SALICETO|S05962
PIEVE VERGONTE|S00004
PIEVETTA|S00922
PIGNATARO MAGGIORE|S09207
PILASTRINO|S05970
PILZONE|S01786
PINAROLO PO|S01931
PINEROLO|S00517
PINEROLO OLIMPICA|S00082
PINETO|S08334
PINETO ATRI|S07806
PINO CONFINE|S13966
PINO TRONZANO|S19006
PINO TRONZANO|S01110
PINZANO|S03055
PIOLTELLO LIMITO|S01703
PIOMBINO|S06770
PIOMBINO DESE|S02509
PIOMBINO MARITTIMA|S06775
PIONA|S01406
PIOPPE DI SALVARO|S05106
PIOVE DI SACCO|S02598
PIRAINETO|S12125
PISA BINARI AEROPORTO|S06450
PISA CENTRALE|S06500
PISA/BINARI PISA S.ROSSORE|S06501
PISCINA DI PINEROLO|S00515
PISCIOLO|S09625
PISCIOTTA PALINURO|S11712
PISOGNE|S01014
PISTICCI|S11459
PISTOIA|S06414
PISTOIA OVEST|S05151
PITECCIO|S05116
PIVKA|S44100
PIZZALE-LUNGAVILLA|S01806
PIZZIGHETTONE|S01911
PIZZO|S11753
PLAUS|S02212
PLOAGHE|S12816
PM ALBATE|S01310
PM Agognate|S00226
PM CHAMBAVE|S00141
PM ECCELLENTE|S11788
PM FEROLETO ANTICO PIANOPOLI|S11952
PM GABELLA GRANDE|S11871
PM GROTTALUPARA|S11514
PM Groane|S01928
PM ISOLA CAPO RIZZUTO|S11825
PM MONTALTO ROSE|S11908
PM MONTJOVET|S00144
PM QUART|S00138
PM S.LEONARDO DI CUTRO|S11827
PM S.MAURO LA BRUCA|S11714
PM THURIO|S11869
POCAPAGLIA|S00842
POGGIARDO|S13186
POGGIBONSI-S.GIMIGNANO|S06805
POGGIO FIDONI|S07428
POGGIO IMPERIALE|S11023
POGGIO MIRTETO|S08213
POGGIO RENATICO|S05720
POGGIO RUSCO|S05308
POGGIO-CAREGGINE-VAGLI|S06323
POGGIORSINI|S11305
POGGIRIDENTI-TRESIVIO-PIATEDA|S01433
POGLIOLA|S00904
POLESELLA|S05708
POLICASTRO BUSSENTINO|S11718
POLICORO TURSI|S11802
POLIGNANO A MARE|S11128
POLLA|S09903
POLLENZA|S07305
POLLINA-S.MAURO CASTELVERDE|S12021
POMBIA|S01125
POMEZIA-S.PALOMBA|S08601
POMPEI|S09810
PONT CANAVESE|S00890
PONT-SAINT-MARTIN|S00149
PONTASSIEVE|S06904
PONTE A ELSA|S06807
PONTE A MORIANO|S06312
PONTE A TRESSA|S06869
PONTE ALBANITO|S09325
PONTE CASALDUNI|S09309
PONTE D'ADDA|S01912
PONTE D'ADIGE|S02225
PONTE DELLA VENTURINA|S05123
PONTE DI NONA|S08529
PONTE DI PIAVE|S02763
PONTE GALERIA|S08403
PONTE GARDENA-LAION|S02020
PONTE GINORI|S06752
PONTE IN VALTELLINA|S01434
PONTE NELLE ALPI POLPET|S02558
PONTE PARRANO DI NOCERA UMBRA|S07233
PONTE RONCA|S05919
PONTE S.CONO|S09841
PONTE S.MARCO-CALCINATO|S02082
PONTE S.PIETRO|S01528
PONTEBBA|S03010
PONTECAGNANO|S09821
PONTECCHIO MARCONI|S05103
PONTECURONE|S01809
PONTEDERA CASCIANA TERME|S06506
PONTELAGOSCURO|S05711
PONTELAMBRO - CASTELMARTE|S01097
PONTELANDOLFO|S09504
PONTELATONE|S09027
PONTELONGO FERMATA|S02843
PONTENURE|S05005
PONTETTO|S04710
PONTI|S00871
PONTICINO|S06913
PONTIDA|S01526
PONTREMOLI|S06163
PONZANA|S00247
PONZANO MAGRA|S06200
POPOLANO DI MARRADI|S06612
POPOLI VITTORITO|S07703
POPPI|S06074
POPULONIA|S06773
PORCARI|S06406
PORDENONE|S02701
PORRENA|S06073
PORRETTA  TERME|S05110
PORTA OVEST|S02833
PORTACOMARO|S00344
PORTICHETTO - LUISAGO|S01761
PORTICI-ERCOLANO|S09802
PORTO CERESIO|S01200
PORTO D'ASCOLI|S07514
PORTO DI VASTO|S07822
PORTO EMPEDOCLE|S12214
PORTO EMPEDOCLE SUCCURSALE|S12228
PORTO RECANATI|S07504
PORTO S.ELPIDIO|S07507
PORTO S.GIORGIO FERMO|S07508
PORTO TORRES|S12802
PORTO VALTRAVAGLIA|S01116
PORTO VARALLO POMBIA|S01124
PORTOGRUARO CAORLE|S03200
PORTOMAGGIORE|S05802
POSSIDENTE|S11220
POSTIOMA|S02601
POSTO COMUNICAZIONE DOLCE`|S02053
POSTOJNA|S00750
POTENZA CENTRALE|S11420
POTENZA MACCHIA ROMANA|S11215
POTENZA PICENA MONTELUPONE|S07505
POTENZA S.MARIA|S13135
POTENZA SUPERIORE|S11217
POVE DEL GRAPPA CAMPESE|S02505
POVO-MESIANO|S02301
POZZALLO|S12420
POZZOLO FORMIGARO|S04330
POZZUOLI SOLFATARA|S09101
POZZUOLO MARTESANA|S01722
PRACCHIA|S05113
PRAJA AJETA TORTORA|S11725
PRASCO CREMOLINO|S04101
PRATA CAMPORTACCIO|S01417
PRATA PRATOLA|S09513
PRATIGNONE|S06423
PRATISSOLO|S05985
PRATO BORGONUOVO|S06426
PRATO CENTRALE|S06416
PRATO PORTA AL SERRAGLIO|S06422
PRATO SESIA|S00108
PRATO TIRES|S02024
PRATOFONTANA|S05947
PRATOLA PELIGNA|S07700
PRATOLA PELIGNA SUPERIORE|S07601
PRATOVECCHIO|S06072
PRE'-SAINT-DIDIER|S00130
PREDOSA|S04003
PREGANZIOL|S02715
PREGNANA MILANESE|S01058
PREMOSELLO CHIOVENDA|S01009
PRESICCE-ACQUARICA|S13159
PREZZA|S08536
PRIMOLANO|S02319
PRIOLA|S00923
PRIOLO MELILLI|S12347
PRIOLO SOPRANO|S12393
PRIVERNO FOSSANOVA|S08604
PROSECCO|S03551
PROVAGLIO - TIMOLINE|S01787
PUGLIA-CECILIANO|S06085
PUTIGNANO|S13103
PUTIGNANO IN MONTE LAURETO|S13124
PUTIGNANO S.PIETRO PITURNO|S13102
PdE 2AV|S05299
QUADRI-BORELLO|S07996
QUARONA|S00102
QUARTESANA|S05170
QUARTO D'ALTINO|S02670
QUARTO DI MARANO|S09111
QUATTRO VENTI|S08005
QUATTRO VILLE|S05268
QUERCIANELLA-SONNINO|S06728
QUERO VAS|S02565
QUILIANO-VADO LIGURE|S04527
QUINCINETTO|S00150
QUISTELLO|S05156
Reggio Emilia (tutte le stazioni)|S13550
ROMA TERMINI|S08409
RACALE-ALLISTE|S13178
RACALMUTO|S12373
RACCONIGI|S00602
RAGUSA|S12414
RAGUSA IBLA|S12416
RAIANO|S07600
RANCHI|S07945
RANDAZZO|S12365
RAPALLO|S04720
RAPOLANO TERME|S06850
RAPOLLA - LAVELLO|S11207
RAPONE RUVO S.FELE|S09621
RASSINA|S06078
RASTIGNANO|S05138
RAVENNA|S05811
RECALE|S09302
RECCO|S04714
REDIPUGLIA|S03308
REGGIO ALL'ANGELO|S05934
REGGIO CALABRIA AEROPORTO|S11866
REGGIO DI CALABRIA ARCHI|S11973
REGGIO DI CALABRIA BOCALE|S11969
REGGIO DI CALABRIA CATONA|S11776
REGGIO DI CALABRIA CENTRALE|S11781
REGGIO DI CALABRIA GALLICO|S11777
REGGIO DI CALABRIA LIDO|S11780
REGGIO DI CALABRIA OMECA|S11970
REGGIO DI CALABRIA PELLARO|S11867
REGGIO DI CALABRIA S.CATERINA|S11975
REGGIO DI CALABRIA S.GREGORIO|S11868
REGGIO EMILIA|S05023
REGGIO EMILIA (FER)|S17251
REGGIO EMILIA AV MEDIOPADANA|S05254
REGGIO MEDIOPADANA|S05195
REGGIO OSPIZIO|S05988
REGGIO STADIO|S05191
REGOLEDO|S01410
REMANZACCO|S03059
REMEDELLO SOPRA|S01845
REMEDELLO SOTTO|S01846
RENATE-VEDUGGIO|S01489
RESANA|S02508
RESCALDINA|S01135
REVERE|S05305
REVIGLIONE DI SOMMA VESUVIANA|S09762
RHO|S01037
RHO FIERA|S01039
RIACE|S11845
RIARDO-PIETRAMELARA|S09204
RICADI-CAPO VATICANO|S11761
RICCIONE|S07101
RIDOTTI-COLLEPIANO|S08815
RIETI|S07405
RIGNANO GARGANICO|S11028
RIGNANO SULL'ARNO REGGELLO|S06906
RIGOLI|S06401
RIGOMAGNO|S06851
RIGOROSO|S04208
RIMINI|S05071
RIMINI MIRAMARE|S07100
RIMINI TORRE PEDRERA|S05819
RIMINI VISERBA|S05820
RIMINIFIERA|S05057
RIO DI PUSTERIA|S02102
RIO SECCO|S04004
RIOFREDDO|S08517
RIOLA|S05108
RIOMAGGIORE|S04736
RIONERO ATELLA RIPACANDIDA|S11209
RIPABOTTONI S.ELIA|S09463
RIPAFRATTA|S06402
RIPARBELLA|S06750
RISANO|S03120
RIVA TRIGOSO|S04726
RIVALTA SCRIVIA|S04331
RIVAROLO|S00884
RIVISONDOLI-PESCOCOSTANZO|S08905
ROBBIO|S00272
ROBECCO-PONTEVICO|S01904
ROBILANTE|S00615
ROCCA D'EVANDRO-S.VITTORE|S09200
ROCCA DI CORNO|S07410
ROCCA DI FONDI|S07409
ROCCA IMPERIALE|S11804
ROCCA RAVINDOLA|S09058
ROCCABERNARDA|S11828
ROCCACIGLIE`|S00740
ROCCADEBALDI|S00905
ROCCAGRIMALDA|S04006
ROCCALUMERA MANDANICI|S12312
ROCCAMURATA|S06159
ROCCAPALUMBA-ALIA|S12204
ROCCARASO|S08906
ROCCASECCA|S08668
ROCCASTRADA|S06823
ROCCAVALDINA|S12046
ROCCAVIONE|S00614
ROCCAVIVI|S08814
ROCCELLA JONICA|S11847
ROCCHETTA CAIRO|S00878
ROCCHETTA S.ANTONIO-LACEDONIA|S11205
ROCCHETTA TANARO-CERRO|S00466
RODALLO|S00159
ROGOLO|S01423
ROLO NOVI FABBRICO|S02346
ROMA AURELIA|S08025
ROMA BALDUINA|S08327
ROMA CASILINA|S08674
ROMA MONTE MARIO|S08322
ROMA NOMENTANA LL|S08236
ROMA NOMENTANA LM|S08232
ROMA OSTIENSE|S08406
ROMA PRENESTINA|S08500
ROMA S.FILIPPO NERI|S08325
ROMA S.PIETRO|S08323
ROMA TIBURTINA|S08217
ROMA TRASTEVERE|S08405
ROMA TUSCOLANA|S08408
ROMAGNANO SESIA|S00109
ROMAGNANO-VIETRI-SALVITELLE|S09829
ROMANO|S01711
ROMANORE|S02337
ROMETTA MESSINESE|S12049
RONCANOVA DI GAZZO VER.|S05303
RONCEGNO BAGNI-MARTER|S02312
RONCHI DEI LEGIONARI NORD|S03309
RONCIGLIONE|S08109
RONCO SCRIVIA|S04211
RONTA|S06606
ROSA'|S02521
ROSARNO|S11765
ROSENHEIM|S03600
ROSETO CAPO SPULICO|S11806
ROSETO DEGLI ABRUZZI|S07804
ROSIGNANO|S06730
ROSOLINA|S05424
ROSOLINI|S12422
ROSSANO|S11813
ROSSANO VENETO|S02522
ROSSIGLIONE|S04104
ROSTA|S00215
ROTONDI PAOLISI|S09016
ROTTEWEIL|S29411
ROTTOFRENO|S01950
ROVASENDA|S00053
ROVASENDA ALTA|S00056
ROVATO|S01714
ROVATO CENTRO|S01791
ROVATO FN|S01792
ROVELLASCA - MANERA|S01756
ROVELLO PORRO|S01755
ROVERBELLA|S02333
ROVERETO|S02044
ROVERETO-S.VITO-MEDELANA|S05173
ROVETO BIMMISCA|S12442
ROVIANO|S08515
ROVIGLIANO|S09771
ROVIGO|S05706
RUBIERA|S05031
RUDALZA|S12895
RUFINA|S06703
RUSSI|S05903
RUTIGLIANO|S13120
RUTINO|S11707
S SOSTENE|S11838
S. ANGELO CINIGIANO|S06819
S. VITO CHIETINO|S07985
S.AGAPITO LONGANO|S09056
S.AGATA DI MILITELLO|S12027
S.AGATA SUL SANTERNO|S05954
S.ALESSIO SICULO-FORZA D'AGRO'|S12315
S.AMBROGIO|S00213
S.ANDREA DELLO JONIO|S11840
S.ANGELO DEI LOMBARDI|S09615
S.ANGELO IN FORMIS|S09030
S.ANNA DI CHIOGGIA|S05411
S.ANNA ROBELLA|S00434
S.ANTIMO-S.ARPINO|S09007
S.ANTONINO DI SALUGGIA|S00236
S.ANTONINO VAIE|S00211
S.ANTONIO MANTOVANO|S02334
S.BENEDETTO DEL TRONTO|S07513
S.BENEDETTO PO|S05155
S.BENEDETTO SAMBRO-CASTIGLIONE PEPOLI|S05134
S.BENIGNO|S00881
S.BENIGNO DI CUNEO|S00609
S.BIAGIO|S05805
S.BIAGIO DI CALLALTA|S02761
S.BONIFACIO|S02440
S.CANDIDO|S02114
S.CASSIANO|S06615
S.CASSIANO VALCHIAVENNA|S01401
S.CATALDO|S12382
S.CATERINA DELLO JONIO|S11842
S.CESARIO DI LECCE|S11653
S.CLAUDIO|S07312
S.CRISTINA E BISSONE|S01866
S.CRISTOFORO AL LAGO-ISCHIA|S02306
S.CROCE DEL LAGO|S02735
S.CROCE DEL SANNIO|S09502
S.DAMIANO D'ASTI|S00461
S.DEMETRIO DE' VESTINI|S07418
S.DOMENICA|S11786
S.DONA' DI PIAVE-JESOLO|S02666
S.DONATO DI LECCE|S13164
S.DONATO MILANESE|S01624
S.DONNINO BADIA|S06514
S.ELENA-ESTE|S05704
S.ELLERO|S06905
S.EUFEMIA DI BRISIGHELLA|S06616
S.EUROSIA|S08739
S.EUSANIO DEL SANGRO|S07989
S.FELICE A CANCELLO|S09019
S.FELICE SUL PANARO|S05313
S.FILIPPO|S07557
S.FILIPPO-S.LUCIA|S12044
S.FLAVIA-SOLUNTO-PORTICELLO|S12009
S.FREDIANO A SETTIMO|S06504
S.GAVINO|S12882
S.GENNARO|S08737
S.GERMANO VERCELLESE|S00243
S.GIACOMO|S04005
S.GIACOMO DI SPOLETO|S07220
S.GIACOMO DI TEGLIO|S01436
S.GIORGIO|S12034
S.GIORGIO CASALE|S00336
S.GIORGIO DELLE PERTICHE|S02526
S.GIORGIO DI NOGARO|S03205
S.GIORGIO DI PIANO|S05723
S.GIOVANNI AL NATISONE|S03031
S.GIOVANNI DI CASARSA|S03199
S.GIOVANNI D`ASSO|S06816
S.GIOVANNI IN CROCE|S01849
S.GIOVANNI IN PERSICETO|S05319
S.GIOVANNI VALDARNO|S06909
S.GIULETTA|S01943
S.GIULIANO D'AREZZO|S06065
S.GIULIANO DEL SANNIO|S09476
S.GIULIANO MILANESE|S01821
S.GIULIANO PIACENTINO|S01961
S.GIULIANO PIEMONTE|S01941
S.GIULIANO TERME|S06400
S.GIUSEPPE DI CAIRO|S04805
S.GIUSEPPE VESUVIANO|S09752
S.GIUSTINA-CESIO|S02562
S.GIUSTINO|S07935
S.ILARIO D'ENZA|S05021
S.IORIO|S09029
S.LIBERATO|S07235
S.LORENZO LO VECCHIO|S12443
S.LORENZO MAGGIORE|S09308
S.LUCIDO MARINA|S11740
S.MARCELLINO FRIGNANO|S09005
S.MARCO|S09022
S.MARCO D'ALUNZIO-TORRENOVA|S12028
S.MARCO ROGGIANO|S11904
S.MARCO VECCHIO|S06950
S.MARGHERITA LIGURE PORTOFINO|S04718
S.MARIA A VICO|S09018
S.MARIA CAPUA VETERE|S09209
S.MARIA COLLE DI SERRA|S09474
S.MARIA DELLE MOLE|S08738
S.MARIA LA BRUNA|S09804
S.MARIA LA LONGA|S03121
S.MARIA OLIVETO|S09059
S.MARINELLA|S08015
S.MARINO|S02501
S.MARTINO AL CIMINO|S08307
S.MARTINO BUONALBERGO|S02435
S.MARTINO CAVA|S01804
S.MARTINO DI LUPARI|S02536
S.MARTINO IN CAMPO|S07965
S.MARTINO IN GATTARA|S06613
S.MARTINO IN PENSILIS|S09468
S.MARTINO VALLE CAUDINA|S09014
S.MATTEO|S11690
S.MAURIZIO CANAVESE|S00089
S.MICHELE|S09477
S.MICHELE DI SERINO|S09523
S.MICHELE IN BOSCO|S01924
S.MINIATO FUCECCHIO|S06509
S.MOMME'|S05118
S.NAZARIO|S02503
S.NICOLA ARCELLA|S11726
S.NICOLA DI MELFI|S11300
S.NICOLA TONNARA|S12012
S.NICOLO|S01951
S.PAOLO (FSC)|S13129
S.PAOLO SOLBRITO|S00463
S.PATRIZIO|S05953
S.PIERO A SIEVE|S06603
S.PIETRO A MAIDA-MAIDA|S11750
S.PIETRO A VICO|S06313
S.PIETRO AVELLANA-CAPRACOTTA|S08912
S.PIETRO BERBENNO|S01428
S.PIETRO IN CASALE|S05722
S.PIETRO IN GU'|S02531
S.PIETRO VERNOTICO|S11141
S.ROCCO MANTOVANO|S05157
S.ROMANO-MONTOPOLI-S.CROCE|S06508
S.SEBASTIANO PO|S00420
S.SEVERA|S08016
S.SEVERINO MARCHE|S07303
S.SEVERO|S11025
S.SILVESTRO|S00173
S.STEFANO BELBO|S00831
S.STEFANO DI CAMASTRA-MISTRETTA|S12024
S.STEFANO DI MAGRA|S06170
S.STEFANO LODIGIANO|S01829
S.STEFANO UDINESE|S03124
S.STINO DI LIVENZA|S02664
S.TERESA DI RIVA|S12314
S.TOMMASO DEL PIANO|S09630
S.VINCENZO|S06030
S.VINCENZO VALLE ROVETO|S08855
S.VITO AL TAGLIAMENTO|S02660
S.VITO DEI NORMANNI|S11135
S.VITO LANCIANO|S07817
S.VITTORIA|S00822
S.ZENO FOLZANO|S01900
S.ZENONE AL LAMBRO|S01823
SACCONAGO|S01754
SACILE|S02703
SACILE S.LIBERALE|S03089
SAGRADO|S03307
SAINT-PIERRE|S00161
SAIRANO|S00408
SAIRANO ZINASCO|S00400
SALA AL BARRO-GALBIATE|S01461
SALA CONSILINA|S09906
SALANDRA-GROTTOLE|S11457
SALASSA|S00886
SALBERTRAND|S00205
SALE LANGHE|S00743
SALE MARASINO|S01784
SALEMI GIBELLINA|S12114
SALERNO|S09818
SALERNO IRNO|S09799
SALETTO|S02394
SALICETO|S00744
SALINE DI REGGIO|S11864
SALONE|S08502
SALORNO|S02034
SALSOMAGGIORE TERME|S05090
SALUGGIA|S00235
SALUSSOLA|S00074
SALUZZO|S00547
SALVE-RUGGIANO|S13160
SALZA IRPINA|S09600
SALZANO ROBEGANO|S02511
SAMASSI SERRENTI|S12885
SAMMICHELE|S13100
SAMOGGIA|S05039
SAMOLACO|S01402
SAMPIERI|S12419
SAN FAUSTINO-CASIGLIANO|S07976
SAN GIOVANNI|S12804
SAN GOTTARDO|S03060
SAN NICOLA VARCO DI EBOLI|S11700
SAN PIETRO INFINE|S09210
SAN POLO MATESE|S09052
SANARICA|S13185
SANDIGLIANO|S00072
SANFRE`|S00731
SANGEMINI|S07981
SANGIANO|S01140
SANGINETO|S11733
SANGUINETTO|S02384
SANLURI STATO|S12883
SANNAZZARO|S00403
SANNICANDRO DI BARI|S11503
SANNICOLA|S13170
SANREMO|S04505
SANSEPOLCRO|S07932
SANTA LUCE|S06023
SANTA MAMA|S06079
SANTA MARIA DI CATANZARO|S11957
SANTARCANGELO DI ROMAGNA|S05069
SANTE MARIE|S08521
SANTERAMO|S11310
SANTHIA'|S00240
SANTOPADRE|S08817
SANTUARIO|S04802
SANTUARIO INCORONATA|S11201
SANT`ANNA|S12897
SANT`ORSOLA|S12806
SANZANO OCCHINO|S09629
SAPRI|S11721
SARMATO|S01949
SARNO|S09702
SARONNO|S01933
SARONNO SUD|S01077
SARRE|S00136
SARTIRANA|S00038
SARZANA|S06007
SASSA TORNIMPARTE|S07413
SASSANO TEGGIANO|S09907
SASSARI|S12807
SASSARI S.MARIA|S12980
SASSINORO|S09475
SASSO MARCONI|S05104
SASSOFERRATO ARCEVIA|S07063
SASSONE|S08712
SASSUOLO RADICI|S05194
SAVA|S13109
SAVIGLIANO|S00604
SAVIGNANO GRECI|S09318
SAVIGNANO MULINO|S05976
SAVIGNANO SUL RUBICONE|S05068
SAVONA|S04801
SAVONA MARITTIMA|S04800
SCAFA S.VALENTINO-CARAMANICO TERME|S07707
SCAFATI|S09811
SCALA DI GIOCCA|S12814
SCALEA S.DOMENICA TALAO|S11727
SCALENGHE|S00540
SCALETTA ZANCLEA|S12309
SCANDIANO|S05984
SCANZANO BELFIORE|S07216
SCANZANO JONICO-MONTALBANO JONICO|S11801
SCARLINO|S06035
SCERNE DI PINETO|S07805
SCHAFFHAUSEN|S03424
SCHIO|S02140
SCHIVENOGLIA|S05158
SCHWAZ|S01179
SCICLI|S12418
SCILLA|S11772
SCOPETI|S06705
SCORCETOLI|S06164
SCORDIA|S12278
SCURCOLA MARSICANA|S08524
SECLI'-NEVIANO-ARADEO|S13153
SECUGNAGO|S01826
SEDICO BRIBANO|S02560
SEGESTA|S12072
SEGESTA TEMPIO|S12152
SEGNALE DI CONF. RENO EST|S05326
SEGNALE DI CONF. RENO OVEST|S05325
SEGNALE DI CONFINE 1^BV ORV. SUD (DISP)|S06087
SEGNALE DI CONFINE 1^BV ORV. SUD (PARI)|S06088
SEGNALE DI CONFINE 2BV AREZZO SUD (DISP)|S06089
SEGNALE DI CONFINE 2BV AREZZO SUD (PARI)|S06090
SEGNALE DI CONFINE 2^BV ORV. NORD (DISP)|S06095
SEGNALE DI CONFINE 2^BV ORV. NORD (PARI)|S06096
SEGNALE DI CONFINE PM MONTALLESE (DISP)|S06091
SEGNALE DI CONFINE PM MONTALLESE (PARI)|S06092
SEGNALE DI CONFINE PM PIEVE (DISP)|S06093
SEGNALE DI CONFINE PM PIEVE (PARI)|S06094
SEGRATE|S01715
SELCI LAMA|S07936
SELLA DI CORNO|S07411
SELLERO|S01770
SELLIA MARINA|S11831
SELVA DEL BOCCHETTO|S06155
SENALES|S02210
SENIGALLIA|S07108
SEPINO|S09501
SEREGNO|S01318
SERIATE|S01533
SERINO|S09515
SERMIDE|S05161
SERRA S.QUIRICO|S07205
SERRADIFALCO|S12383
SERRALUNGA CERESETO|S00338
SERRAMANNA NURAMINIS|S12886
SERRAVALLE ALL'ADIGE|S02048
SERRAVALLE D'ASTI|S00431
SERRAVALLE PISTOIESE|S06413
SERRAVALLE SCRIVIA|S04206
SERRE DI RAPOLANO|S06857
SESSA AURUNCA-ROCCAMONFINA|S09000
SESSANO DEL MOLISE|S08917
SESTO CALENDE|S01026
SESTO CAMPANO|S09062
SESTO FIORENTINO|S06418
SESTO S.GIOVANNI|S01325
SESTRI LEVANTE|S04725
SETTEBAGNI|S08216
SETTEQUERCE|S02224
SETTIME CINAGLIO MOMBARONE|S00430
SETTIMO|S00229
SETTIMO DI RENDE|S11959
SETTIMO TAVAGNASCO|S00151
SETTINGIANO|S11954
SEVEGLIANO|S03151
SEVESO|S01925
SEVESO BARUCCANA|S01929
SEVNICA|S42100
SEZANA|S01000
SEZZE ROMANO|S08609
SGURGOLA|S08659
SIBARI|S11811
SICIGNANO DEGLI ALBURNI|S09827
SIDERNO|S11850
SIECI|S06903
SIENA|S06809
SIENA ZONA INDUSTRIALE|S06867
SIERRE SIDERS|S01509
SIGNA|S06513
SILANDRO|S02205
SILIQUA|S12954
SILLA|S05109
SILLAVENGO|S00978
SILVI|S07807
SIMERI CRICHI|S11832
SINALUNGA|S06852
SINGEN|S03700
SIOFOK|S03350
SION|S01225
SIPICCIANO|S08300
SIPICCIANO S.NICOLA|S08302
SIPONTO|S11056
SIRACUSA|S12349
SIRACUSA M.|S12351
SISTIANA-VISOGLIANO|S03312
SIZZANO|S00111
SLUDERNO-GLORENZA|S02201
SOFFRATTA|S02732
SOLAGNA|S02504
SOLAROLO|S05900
SOLARUSSA|S12876
SOLERO|S00469
SOLETO|S13168
SOLIERA MODENESE|S02351
SOLIGNANO|S06156
SOLOFRA|S09516
SOLOPACA|S09307
SOMMA LOMBARDO|S01028
SOMMACAMPAGNA-SONA|S02094
SOMMARIVA DEL BOSCO|S00730
SONDRIO|S01430
SONICO|S01766
SORA|S08857
SORBOLO|S05966
SORBOLO LEVANTE|S13200
SORESINA|S01607
SORGENTI DEL PESCHIERA|S07434
SORI|S04712
SORRENTO|S09986
SOVERATO|S11837
SPADAFORA|S12048
SPADAFORA|S12054
SPAGNUOLA|S12106
SPARANISE|S09206
SPARTIMENTO DI SCISCIANO|S09761
SPELLO|S07010
SPEZZANO ALBANESE TERME|S11901
SPIEZ|S07483
SPIGNO|S00874
SPINAZZOLA|S11304
SPINEA|S02516
SPINETOLI COLLI|S07552
SPINETOLI VILLA S.PIO X|S07022
SPINETTA|S01940
SPOLETO|S07221
SPONDIGNA-PRATO VENOSTA|S02202
SPONGANO|S13187
SPOTORNO NOLI|S04526
SPRESIANO|S02709
SQUILLACE|S11835
SQUINZANO|S11142
ST VEIT GLAN|S03633
ST.DALMAS DE TENDE|S00620
STABIO|S19919
STAGGIA|S06810
STANGHELLA|S05705
STATTE|S13132
STAZIONE PER L'ALPAGO|S02736
STEINACH TIROL|S02264
STELLATA FICAROLO|S05164
STERNATIA|S13166
STIA|S06071
STICCIANO|S06824
STIMIGLIANO|S08212
STRADA CASALE|S06617
STRADELLA|S01945
STRAMBINO|S00155
STRASSOLDO|S03150
STRESA|S01016
STREVI|S00866
STRIGNO|S02315
STRONCONE|S07400
STRONGOLI|S11822
STUTTGART HBF|S03800
SU CANALE|S12896
SUBBIANO|S06082
SULMONA|S08539
SULMONA S.RUFINA|S07030
SULMONA-INTRODACQUA|S08900
SULZANO|S01785
SUNO|S00018
SURBO|S11144
SURBO FASCIO MERCI|S11134
SUSA|S00260
SUSEGANA|S02708
SUZZARA|S02340
SUZZARA V.N.|S05153
SZEKESFEHERVAR|S03269
TORINO PORTA NUOVA|S00219
TAGGIA ARMA|S04506
TAGLIACOZZO|S08522
TAGLIATA|S05959
TAINO ANGERA|S01122
TALAMONA|S01426
TALAMONE|S08002
TAORMINA-GIARDINI|S12317
TARANTO|S11465
TARANTO GALESE|S13133
TARCENTO|S03022
TARGIA|S12353
TARQUINIA|S08009
TARSIA|S11903
TARVISIO BOSCOVERDE|S03015
TASSIGNANO-CAPANNORI|S06405
TAURASI|S09605
TAVAZZANO|S01824
TAVIANO|S13177
TEANO|S09205
TEGLIO VENETO|S02662
TEL|S02213
TELESE CERRETO|S09326
TEMPIO DI VULCANO|S12215
TENDE|S00619
TERAMO|S07900
TERLANO-ANDRIANO|S02223
TERME EUGANEE-ABANO-MONTEGROTTO|S05701
TERME VIGLIATORE|S12040
TERMINI IMERESE|S12014
TERMOLI|S11019
TERNATE VARANO BORGHI|S01143
TERNI|S07226
TERNI BORGO RIVO|S07982
TERNI COSPEA|S07430
TERNO|S01504
TERONTOLA CORTONA|S06922
TERRACINA|S08809
TERRAROSSA - TRESANA|S06167
TERRENOVE|S12108
TERRIA|S07425
TERZIGNO|S09753
TERZO MONTABONE|S00869
TEZZE DI GRIGNO|S02318
THIENE|S02143
THUN|S01250
TIERA|S11216
TIGGIANO|S13191
TIONE DEGLI ABRUZZI|S07426
TIRANO|S01440
TISSI USINI|S12813
TITO|S09834
TIVOLI|S08508
TOCCO CASTIGLIONE|S07705
TODI PONTE NAIA|S07974
TODI PONTE RIO|S35130
TOLENTINO|S07304
TOLENTINO CAMPUS|S07315
TOLINE|S01781
TOLLO CANOSA SANNITA|S07814
TOMBOLO|S06720
TONCO ALFIANO|S00342
TOR SAPIENZA|S08501
TOR VERGATA|S08655
TORA PRESENZANO|S09202
TORANO LATTARICO|S11906
TORCHIARA|S11706
TORINO AEROPORTO DI CASELLE|S00088
TORINO CORSO GROSSETO|S00097
TORINO DORA|S00224
TORINO LINGOTTO|S00452
TORINO ORBASSANO S.LUIGI|S00193
TORINO PORTA SUSA|S00035
TORINO REBAUDENGO FOSSATA|S00060
TORINO S. PAOLO|S00223
TORINO STURA|S00228
TORRALBA|S12865
TORRAZZA PIEMONTE|S00234
TORRE ANNUNZIATA CENTRALE|S09806
TORRE ANNUNZIATA CITTA'|S09805
TORRE DE' PICENARDI|S01918
TORRE DEI PASSERI|S07706
TORRE DEL GRECO|S09803
TORRE DEL LAGO PUCCINI|S06015
TORRE IN PIETRA-PALIDORO|S08019
TORRE MELISSA|S11821
TORRE ORSAIA|S11717
TORRE PELLICE|S00524
TORRE S.GIORGIO|S00545
TORREBERETTI|S00039
TORREGROTTA|S12061
TORREMEZZO DI FALCONARA|S11971
TORRENIERI|S06817
TORRICELLA|S07011
TORRICOLA|S08600
TORRILE S.POLO|S01853
TORRIONE|S09835
TORRITA DI SIENA|S06854
TORTONA|S01810
TORTORETO LIDO|S07801
TORVISCOSA|S03206
TOSCANO|S11961
TRABIA|S12013
TRADATE|S01729
TRANI|S11112
TRAPANI|S12100
TRAPPA|S00925
TRAPPETO|S12123
TRAVEDONA BIANDRONNO|S01142
TRAVESIO|S03081
TRE CROCI|S08308
TREBASELEGHE|S02514
TREBBIO|S07933
TREBISACCE|S11808
TRECATE|S00252
TRECELLA|S01706
TREMESTIERI|S12303
TRENTO|S02038
TREPUZZI|S11143
TREQUANDA|S06821
TRESENDA-APRICA-TEGLIO|S01437
TRESIGALLO CORREGGI|S05172
TREVI|S07218
TREVIGLIO|S01708
TREVIGLIO OVEST|S01601
TREVIGNANO SIGNORESSA|S02600
TREVISO CENTRALE|S02712
TREZZANO SUL NAVIGLIO|S01065
TRICASE|S13190
TRICESIMO-S.PELAGIO|S03023
TRIESTE AIRPORT|S03213
TRIESTE AQUILINIA|S03856
TRIESTE CENTRALE|S03317
TRIESTE SERVOLA|S03854
TRIFLISCO|S09028
TRIGGIANO|S13117
TRINITA' BENE VAGIENNA|S00950
TRINITAPOLI-S.FERDINANDO DI PUGLIA|S11106
TRINO VERCELLESE|S00176
TRIUGGIO-PONTE ALBIATE|S01485
TRIVIGNO|S11452
TROFARELLO|S00455
TROIA CASTELLUCCIO SAURI|S09322
TROMELLO|S00275
TRONZANO|S00239
TROPEA|S11760
TUFARA VALLE|S09013
TUFO|S09512
TUGLIE|S13154
TUGLIE MUSEO D. CIVILTA` CONTADINA|S13163
TUORO SUL TRASIMENO|S07000
TURBIGO|S01751
TURI|S13101
TUSA|S12022
TUTTINGEN|S02901
TUTURANO|S11140
Traccia|S09122
UDINE|S03026
UGENTO-TAURISANO|S13158
UGOVIZZA VALBRUNA|S03006
URAS MOGORO|S12880
URBISAGLIA SFORZACOSTA|S07306
URURI ROTELLO|S09467
VENEZIA S.LUCIA|S02593
VERGINESE|S05197
VERONA PORTA NUOVA|S02430
VITERBO PORTA FIORENTINA|S08304
VADA|S06025
VAGLIA|S06602
VAGLIO BASILICATA|S11450
VAIANO|S05136
VAIRANO-CAIANELLO|S09203
VAL D'ALA|S08014
VALCESURA|S05177
VALDAORA-ANTERSELVA|S02110
VALDIBRANA|S05117
VALENZA|S00041
VALENZANO|S13096
VALENZANO LAMIE|S13097
VALLAZZA-CARBONARA PO|S05160
VALLE AURELIA|S08329
VALLE DELL'ANIENE-MANDELA-SAMBUCI|S08512
VALLE DI MADDALONI|S09304
VALLE DI MERCATO S.SEVERINO|S09705
VALLE LOMELLINA|S00037
VALLE MADDALONI|S09036
VALLECROSIA|S04502
VALLEDOLMO|S12231
VALLELUNGA|S12232
VALLO DELLA LUCANIA-CASTELNUOVO|S11709
VALLORBE|S01103
VALMADONNA|S00042
VALMADRERA|S01463
VALMONTONE|S08656
VALPERGA|S00887
VALTOPINA|S07214
VANDOIES|S02103
VANZAGHELLO - MAGNAGO|S01753
VANZAGO POGLIANO|S01036
VAPRIO D'AGOGNA|S00022
VARALLO POMBIA|S00982
VARALLO SESIA|S00100
VARANO|S07500
VARAZZE|S04531
VAREDO|S01084
VARENNA ESINO|S01411
VARESE|S01205
VARESE CASBENO|S01739
VARESE NORD|S01738
VARIGNANA|S05052
VASTO S.SALVO|S07824
VASTOGIRARDI|S08913
VEDANO OLONA|S01736
VEGGIA|S05979
VELLETRI|S08734
VELLO|S01782
VENAFRO|S09060
VENARIA REALE REGGIA|S00085
VENARIA REALE RIGOLA STADIO|S00084
VENEGONO INFERIORE|S01734
VENEGONO SUPERIORE - CASTIGLIONE OLONA|S01735
VENETICO|S12047
VENEZIA AEROPORTO|S02519
VENEZIA CARPENEDO|S02672
VENEZIA MARGHERA SCALO|S02515
VENEZIA MARITTIMA|S02594
VENEZIA MESTRE|S02589
VENEZIA MESTRE GAZZERA|S02719
VENEZIA MESTRE OLIMPIA|S02674
VENEZIA MESTRE OSPEDALE|S02517
VENEZIA PORTO MARGHERA|S02592
VENOSA-MASCHITO|S11302
VENTIMIGLIA|S04501
VENZONE|S03018
VERBANIA-PALLANZA|S01013
VERCEIA|S01404
VERCELLI|S00245
VERCURAGO S.GIROLAMO|S01523
VERDELLO DALMINE|S01600
VERGATO|S05107
VERGIATE|S01027
VERGNASCO|S00073
VERNANTE|S00616
VERNAZZA|S04733
VERNIO MONTEPIANO CANTAGALLO|S05135
VEROLANUOVA|S01903
VEROLENGO|S00170
VERONA CA` DI DAVID|S02061
VERONA PARONA|S02058
VERONA PORTA VESCOVO|S02433
VERRES|S00145
VERZUOLO|S00701
VESPOLATE|S00031
VETRALLA|S08309
VEZZANO LIGURE|S06171
VEZZOLA|S05942
VIA CAMPANA|S09114
VIA CHIARI|S06064
VIA LUNGA|S05972
VIADANA BRESCIANA|S01842
VIAREGGIO|S06040
VIBO MARINA|S11754
VIBO VALENTIA-PIZZO|S11789
VICARELLO|S06017
VICCHIO|S06700
VICENZA|S02446
VICO MATRINO|S08310
VICOFERTILE|S06150
VICOFORTE S.MICHELE|S00953
VICOVARO|S08511
VIDALENGO|S01709
VIETRI SUL MARE-AMALFI|S09817
VIEVOLA|S00618
VIGARANO PIEVE|S05166
VIGEVANO|S01061
VIGLIANO CANDELO|S00977
VIGLIANO D'ASTI|S00802
VIGLIANO D`ABRUZZO|S07412
VIGNA CLARA PES|S08331
VIGNA DI VALLE|S08316
VIGNALE|S00021
VIGNALE RIOTORTO|S06032
VIGNATE|S01704
VIGNOLA|S05978
VIGODARZERE|S02528
VIGONE|S00542
VIGONZA PIANIGA|S02586
VILLA BONELLI|S08399
VILLA CADE`|S05022
VILLA CASTELLI|S11608
VILLA CLAUDIA|S08714
VILLA DEL CONTE|S02523
VILLA DI TIRANO|S01439
VILLA LITERNO|S09003
VILLA OPICINA|S03466
VILLA ORTENSIA|S09024
VILLA RAVERIO|S01487
VILLA S.GIOVANNI|S11774
VILLA S.GIOVANNI CANNITELLO|S11773
VILLA S.MARIA|S07995
VILLA S.MICHELE|S08555
VILLA S.SEBASTIANO|S08523
VILLABARTOLOMEA|S02367
VILLABASSA-BRAIES-VAL DI BRAIES|S02112
VILLABATE|S12006
VILLADOSSOLA|S00001
VILLAFRANCA DI VERONA|S02331
VILLAFRANCA P.|S00543
VILLAFRANCA TIRRENA-SAPONARA|S12050
VILLAFRANCA-BAGNONE|S06166
VILLAFRANCA-CANTARANA|S00459
VILLALBA|S12233
VILLALUNGA|S05980
VILLAMAGGIORE|S01802
VILLAMASSARGIA DOMUSNOVAS|S12952
VILLANOVA|S05992
VILLANOVA CANAVESE-GROSSO|S00092
VILLANOVA D'ARDA|S01962
VILLANOVA D'ARDENGHI|S00278
VILLANOVA D'ASTI|S00458
VILLANOVA DI REGGIOLO|S02345
VILLAPIANA LIDO|S11809
VILLAPIANA TORRE CERCHIARA|S11810
VILLAROSA|S12237
VILLASANTA PARCO|S01481
VILLASOR|S12887
VILLASPECIOSA UTA|S12956
VILLASTELLONE|S00600
VILLAVERLA MONTECCHIO|S02145
VILLAZZANO|S02300
VILLENEUVE|S00135
VILLETTA|S08711
VILLETTA MALAGNINO|S01916
VILLETTA S.ROMANO|S06322
VILPIANO-NALLES|S02222
VINCHIATURO|S09457
VIPITENO-VAL DI VIZZE|S02006
VISANO|S01844
VISONE|S04100
VITERBO PORTA ROMANA|S08306
VITTORIA|S12410
VITTORIO VENETO|S02733
VITTUONE ARLUNO|S01042
VITULANO FOGLIANISE|S09310
VITUSO|S12391
VIZZINI-LICODIA|S12273
VOGHERA|S01807
VOGOGNA OSSOLA|S01008
VOLPIANO|S00880
VOLTANA|S05807
VOLTERRA SALINE-POMARANCE|S06753
VRBOVEC|S73110
VRTOJBA|S03299
Y|S99999
ZAGAROLO|S08652
ZAMARDI|S03392
ZAMBRA|S06425
ZAMBRONE|S11758
ZAPPULLA|S12029
ZERBINATE|S05163
ZINASCO NUOVO|S00401
ZOAGLI|S04721
ZOLA CENTRO|S05971
ZOLLINO|S13167
ZURICH ALTSTETTEN|S03001